timestamp,algorithm,environment,seed,path_length,search_time,start,goal,success
2026-02-14T11:22:15.827889,delta,random,43,2.689437350934697,0.20044589042663574,"(0.9204365311182316, 4.872532314235851)","(2.6171124464891182, 6.873099927588782)",True
2026-02-14T11:22:15.924748,delta,random,43,2.993506516767968,0.08558082580566406,"(0.2321105953948832, 5.869986370242263)","(3.159600147448047, 6.416376949029332)",True
2026-02-14T11:22:16.074554,delta,random,43,4.035401340095042,0.13861322402954102,"(6.933189127193602, 1.7682319670749704)","(3.2399155843780774, 2.5287717681456696)",True
2026-02-14T11:22:16.231121,delta,random,43,2.335433973899021,0.14521026611328125,"(3.083015315161105, 7.635905000869322)","(3.566066886717751, 5.357797213774462)",True
2026-02-14T11:22:16.317064,delta,random,43,-1,0.07460927963256836,"(0.6600003975772433, 7.176788639852274)","(2.3840280055101015, 2.0984385807710515)",False
2026-02-14T11:22:16.471056,delta,random,43,4.758672121220036,0.15379595756530762,"(3.8047709360580253, 5.090989420572181)","(0.8321515988381032, 1.447316762063208)",True
2026-02-14T11:22:16.661217,delta,random,43,2.4664111116700047,0.17866110801696777,"(7.624321767893933, 3.2956238670908693)","(6.920136964857454, 5.377418235809409)",True
2026-02-14T11:22:16.814104,delta,random,43,2.2129591269503313,0.1415410041809082,"(5.03028636705729, 2.204470213191617)","(7.173978157926901, 1.6551309707469217)",True
2026-02-14T11:22:16.974200,delta,random,43,2.5152030581485643,0.14854741096496582,"(5.815903935743908, 3.193575087232598)","(5.361161317619055, 5.6377248630443315)",True
2026-02-14T11:22:17.116136,delta,random,43,4.4045776354582475,0.1303701400756836,"(4.876478970072366, 4.320275713453248)","(1.6486548073064142, 1.5932918129816152)",True
2026-02-14T11:22:17.265533,delta,random,43,1.9856358775108043,0.13787031173706055,"(1.1558270273826299, 3.231653335843756)","(2.482156214756718, 1.947184130247698)",True
2026-02-14T11:22:17.419873,delta,random,43,4.053641654394459,0.14312481880187988,"(4.704832341267009, 1.9627460237068783)","(5.982164894342905, 5.761173182833783)",True
2026-02-14T11:22:17.524263,delta,random,43,4.833838419413889,0.09322142601013184,"(7.549139425474329, 4.026717063142255)","(4.755593494547446, 7.723268653418106)",True
2026-02-14T11:22:17.664700,delta,random,43,7.413085425747289,0.12921619415283203,"(0.5097645465385163, 4.5569951915444715)","(7.634555865568307, 5.918910558427793)",True
2026-02-14T11:22:17.793735,delta,random,43,4.6979713679592665,0.11766648292541504,"(7.087195964382987, 2.040370242678372)","(3.5465015578318724, 4.935495806567161)",True
2026-02-14T11:22:17.975690,delta,random,43,6.688814272100919,0.16339778900146484,"(0.3576352194859753, 2.493019754473206)","(6.0163174909282, 5.723992692224518)",True
2026-02-14T11:22:18.075793,delta,random,43,6.215109588864271,0.0888221263885498,"(7.532433950066536, 6.215162933670156)","(1.7218281198974896, 7.239769445066004)",True
2026-02-14T11:22:18.195305,delta,random,43,3.075783276254829,0.10803508758544922,"(4.418113176091229, 6.75918310061485)","(7.379915870184324, 6.631690231513135)",True
2026-02-14T11:22:18.356963,delta,random,43,2.1838145580428727,0.15022969245910645,"(3.877491916829012, 1.026082732608586)","(5.959657004257837, 0.8449376512206612)",True
2026-02-14T11:22:18.572996,delta,random,43,6.523846733684879,0.20464253425598145,"(7.754044030648447, 5.607805515466435)","(3.309484277866691, 0.9660173641262997)",True
2026-02-14T11:22:18.770835,delta,random,43,2.9488005887316144,0.1865248680114746,"(4.673126645708694, 5.828832401668412)","(2.3375803542080655, 4.182380930617949)",True
2026-02-14T11:22:18.980964,delta,random,43,5.479554663112121,0.19881248474121094,"(6.518815090004941, 4.770615841414926)","(3.0284427156125586, 0.6204624439597675)",True
2026-02-14T11:22:19.128325,delta,random,43,5.458478033544941,0.13587665557861328,"(1.7159825627753156, 0.7572551537154899)","(6.703444229357736, 2.8408997632061155)",True
2026-02-14T11:22:19.324986,delta,random,43,6.2982108823176395,0.18528318405151367,"(3.836040171525343, 1.2730999724318508)","(2.954282456344428, 7.476479870962198)",True
2026-02-14T11:22:19.446817,delta,random,43,3.4373890542299135,0.1103219985961914,"(0.6531290898011815, 3.631696916911057)","(3.88812419247897, 2.5703327074721054)",True
2026-02-14T11:22:19.535488,delta,random,43,5.605778676028775,0.07743263244628906,"(3.5617048010579513, 0.35796556353461906)","(3.5764889879793067, 5.68139839837645)",True
2026-02-14T11:22:19.740417,delta,random,43,7.140049556247961,0.19347238540649414,"(7.775350878773539, 5.2957699270866865)","(0.7316016188613057, 4.7178480816770225)",True
2026-02-14T11:22:19.899429,delta,random,43,2.6001942266362947,0.14750146865844727,"(1.6926480512501403, 6.360605079996508)","(2.80244785782282, 4.019491821145251)",True
2026-02-14T11:22:20.016218,delta,random,43,-1,0.10561633110046387,"(0.706990556893647, 7.707912990236645)","(6.8038855204266575, 3.949541940227153)",False
2026-02-14T11:22:20.192199,delta,random,43,2.4517461252526913,0.1757819652557373,"(3.748932465020677, 4.471622448804825)","(5.5406111798834, 2.837878814372899)",True
2026-02-14T11:22:20.350530,delta,random,43,3.0864482090758085,0.14698529243469238,"(1.3877068781185864, 0.3693444616685664)","(2.6143176401982595, 2.846355410499939)",True
2026-02-14T11:22:20.520424,delta,random,43,4.410740148603442,0.15858983993530273,"(3.835097680734359, 5.27182499842307)","(0.6875376940004951, 2.371564894812753)",True
2026-02-14T11:22:20.646593,delta,random,43,2.7923802203519825,0.11496853828430176,"(4.617250955432866, 5.454417091321544)","(7.02088078048634, 4.3132574870680624)",True
2026-02-14T11:22:20.840148,delta,random,43,2.7379712331948207,0.18212628364562988,"(4.2039462653361435, 4.353810205671078)","(4.131351822235061, 7.090818876189253)",True
2026-02-14T11:22:20.998207,delta,random,43,3.827325449207196,0.14667868614196777,"(3.2815551885320504, 6.556174455237732)","(6.657736034903695, 4.753447933119436)",True
2026-02-14T11:22:21.132339,delta,random,43,5.502875099052992,0.12288951873779297,"(1.5873334298858381, 6.202434232899518)","(4.6491993458328755, 2.0157875907855987)",True
2026-02-14T11:22:21.241902,delta,random,43,6.565546449709398,0.09839439392089844,"(2.113375499072629, 0.3521060382910566)","(7.174566934440072, 4.459588270595293)",True
2026-02-14T11:22:21.425492,delta,random,43,3.2998555546089,0.1723320484161377,"(5.624086242123887, 5.7180445593967315)","(3.5682572530065864, 3.4005532183715657)",True
2026-02-14T11:22:21.573809,delta,random,43,4.157160630214246,0.13692784309387207,"(7.263261476034423, 3.259428277267533)","(3.4941150867829025, 4.988523036524824)",True
2026-02-14T11:22:21.856187,delta,random,43,4.530705633952084,0.2709670066833496,"(1.315337283776497, 4.450412790693904)","(4.296359233308489, 7.774477564536649)",True
2026-02-14T11:22:21.990366,delta,random,43,4.144673092070542,0.12297582626342773,"(4.252860511816523, 5.33976787756214)","(0.5618303915639542, 3.550789398270802)",True
2026-02-14T11:22:22.156221,delta,random,43,6.012801660327559,0.15462040901184082,"(6.346515974067644, 1.123845028659038)","(6.487218793170244, 7.014642261186272)",True
2026-02-14T11:22:22.271513,delta,random,43,2.4156366913587326,0.10400605201721191,"(6.478508722789988, 7.4237045094056935)","(4.664564252531491, 6.268010806313329)",True
2026-02-14T11:22:22.495167,delta,random,43,2.4882885399287624,0.2124190330505371,"(4.03743212723629, 4.629568198938649)","(1.8852291779356447, 3.425224801777752)",True
2026-02-14T11:22:22.704959,delta,random,43,5.68656870099205,0.18933868408203125,"(5.200792498802549, 2.2595267542663224)","(3.5080264102563987, 7.559220757023179)",True
2026-02-14T11:22:22.888590,delta,random,43,2.9532103089604202,0.17215800285339355,"(6.3586231477160275, 0.8224011256056274)","(4.228192569439472, 2.6272055434088557)",True
2026-02-14T11:22:22.983841,delta,random,43,-1,0.07655715942382812,"(0.612872219295614, 7.157792631299473)","(5.641762812469085, 3.3713049617692157)",False
2026-02-14T11:22:23.111534,delta,random,43,7.254575485074778,0.12749505043029785,"(6.106394883782844, 6.380465582065438)","(2.4638335887412524, 0.34738923533818866)",True
2026-02-14T11:22:23.282672,delta,random,43,7.304954633924337,0.1597445011138916,"(5.779085049152708, 5.209969636396184)","(0.5239337835918167, 0.4162067502687199)",True
2026-02-14T11:22:23.469379,delta,random,43,3.9375092278402324,0.17541980743408203,"(3.918913726252466, 6.44754464082783)","(7.54328378151388, 5.246110091700741)",True
2026-02-14T11:22:23.631266,delta,random,43,7.023633321081836,0.15071964263916016,"(3.4675762773701067, 7.6914026556060335)","(6.038600995526685, 1.313097552792101)",True
2026-02-14T11:22:23.724611,delta,random,43,4.935232527591546,0.0821223258972168,"(1.148632134868909, 5.244106285749646)","(5.728083900781076, 6.157925993249614)",True
2026-02-14T11:22:23.902002,delta,random,43,4.69243809108616,0.16622257232666016,"(1.3033270341255143, 3.9099841061859975)","(4.889260038607923, 1.5148520628284938)",True
2026-02-14T11:22:24.077695,delta,random,43,3.601508016098745,0.16448974609375,"(2.3054609616941404, 0.7516748892262815)","(5.446735602258231, 2.0161759193448203)",True
2026-02-14T11:22:24.197621,delta,random,43,7.023203099899328,0.10891342163085938,"(7.052479164090498, 5.771797115153285)","(1.0807486502181405, 2.3826512076919224)",True
2026-02-14T11:22:24.424327,delta,random,43,5.4488824492258745,0.2153933048248291,"(2.911600123638804, 3.2752787574981106)","(7.481827184619578, 0.403621620465902)",True
2026-02-14T11:22:24.573905,delta,random,43,2.951356365230981,0.1382601261138916,"(6.47189754896676, 5.002890417335281)","(6.551833621239051, 2.097836286828292)",True
2026-02-14T11:22:24.702964,delta,random,43,4.5427937750796,0.11780738830566406,"(0.6429005023707095, 1.3544726141642984)","(1.390800801600525, 5.548473514873251)",True
2026-02-14T11:22:24.874468,delta,random,43,7.678963916297313,0.1602475643157959,"(5.359763718282426, 0.25395961179147264)","(4.5107771161219805, 7.441129509360152)",True
2026-02-14T11:22:24.963328,delta,random,43,5.608915799024944,0.0776522159576416,"(1.514032225905952, 5.317145699899626)","(6.596457654828797, 6.061207412974459)",True
2026-02-14T11:22:25.158665,delta,random,43,5.381982527250787,0.1839909553527832,"(3.3557607828626788, 1.9493149372421739)","(4.552881946518565, 7.185246702832509)",True
2026-02-14T11:22:25.260730,delta,random,43,5.9128611408268315,0.09074139595031738,"(1.3122527022709676, 6.741377031432235)","(6.224830635250935, 4.502400125308226)",True
2026-02-14T11:22:25.465476,delta,random,43,4.95043076383798,0.1934058666229248,"(6.8181274331955715, 1.284510731703869)","(2.6300896809831418, 3.9114714724088078)",True
2026-02-14T11:22:25.627757,delta,random,43,5.557581544410969,0.15097475051879883,"(3.1593747592168766, 0.8054161659021286)","(2.538579608950199, 6.214717229067375)",True
2026-02-14T11:22:25.746880,delta,random,43,1.815006633495289,0.10784626007080078,"(2.7224924883191797, 6.510902748392758)","(0.9384650421416412, 6.176994176056496)",True
2026-02-14T11:22:25.904116,delta,random,43,3.6491977652600154,0.14588093757629395,"(4.736966513971178, 2.4605594662648462)","(5.151257271902291, 5.728349438012587)",True
2026-02-14T11:22:26.089090,delta,random,43,7.305886159472826,0.17360687255859375,"(7.678913556865159, 6.448953937860893)","(0.9594452472900281, 4.1587939122098225)",True
2026-02-14T11:22:26.289783,delta,random,43,2.476903399310608,0.18946313858032227,"(3.579745281976127, 1.552195898164359)","(3.243573815360472, 4.00618022418108)",True
2026-02-14T11:22:26.469873,delta,random,43,2.1780665243448105,0.16881275177001953,"(3.930604685298638, 4.453283099805096)","(4.049805699258209, 6.628085363729445)",True
2026-02-14T11:22:26.550566,delta,random,43,-1,0.06929564476013184,"(0.42756376127484064, 7.643359416400532)","(0.9258470215782211, 0.2894862075750151)",False
2026-02-14T11:22:26.707736,delta,random,43,4.223436055547434,0.1569817066192627,"(7.683787370442387, 6.889034414084157)","(4.681117340802536, 4.389462513130369)",True
2026-02-14T11:22:26.876532,delta,random,43,5.11711404016196,0.15745854377746582,"(6.465432574296442, 5.495708693427186)","(1.614555401670084, 7.119481084901537)",True
2026-02-14T11:22:27.049262,delta,random,43,5.1613151054199236,0.1613764762878418,"(4.15227560942723, 1.5609392502211925)","(4.806321423883595, 6.546031361486476)",True
2026-02-14T11:22:27.249142,delta,random,43,2.1312029635813303,0.18840861320495605,"(1.9261583588414215, 4.4657078377936665)","(1.3787762950155384, 6.341076180058104)",True
2026-02-14T11:22:27.449949,delta,random,43,5.08975100188783,0.1894080638885498,"(2.3810501671873254, 7.7581526069793)","(4.563255825772618, 3.171225000903603)",True
2026-02-14T11:22:27.600592,delta,random,43,4.265380854701934,0.13910722732543945,"(6.384278675040999, 4.894053848582772)","(6.487519268306318, 0.6361595158229933)",True
2026-02-14T11:22:27.730463,delta,random,43,5.411121997261496,0.11847448348999023,"(5.81043694970683, 3.0626485010177253)","(0.6048656766371234, 3.8102390399207264)",True
2026-02-14T11:22:27.926388,delta,random,43,5.88502290347722,0.18450093269348145,"(0.4486865815953589, 4.610249335849801)","(6.2593965246766, 3.8453329654334247)",True
2026-02-14T11:22:28.003900,delta,random,43,2.922877331761381,0.058316946029663086,"(4.056619304295089, 2.3669044617098987)","(5.90164482872393, 0.4633528460323184)",True
2026-02-14T11:22:28.138017,delta,random,43,3.7038579565357637,0.12292766571044922,"(6.783780090632841, 2.092825616395075)","(3.5603486314303714, 3.907945266946692)",True
2026-02-14T11:22:28.268243,delta,random,43,2.5686710602707135,0.11895346641540527,"(1.5311802846672542, 0.30309398278686306)","(3.5558238268547946, 1.8362133811675792)",True
2026-02-14T11:22:28.480385,delta,random,43,4.352619669376394,0.20081186294555664,"(4.28711079001192, 2.8805118725771406)","(0.35482983971576587, 4.742779993395792)",True
2026-02-14T11:22:28.669839,delta,random,43,6.336349370486108,0.17803430557250977,"(6.594019300187698, 1.740843294348231)","(1.085204673325907, 4.840628127002369)",True
2026-02-14T11:22:28.790914,delta,random,43,4.203121888117598,0.1098484992980957,"(4.299398098154214, 1.0504450778809842)","(4.634995605897044, 5.120031902196631)",True
2026-02-14T11:22:28.892767,delta,random,43,5.3883653563219704,0.09041881561279297,"(5.9138009551604105, 1.6410591236156815)","(0.9786300479672887, 3.0787164749217224)",True
2026-02-14T11:22:29.038987,delta,random,43,2.7704682221957033,0.13482141494750977,"(3.7742015682376877, 1.7188440331420294)","(1.0373105495014094, 1.289313677830446)",True
2026-02-14T11:22:29.183551,delta,random,43,4.486609781484116,0.1331479549407959,"(6.266052149770125, 3.5140264162983694)","(2.0196762946370646, 2.236700839287754)",True
2026-02-14T11:22:29.370338,delta,random,43,7.480635961930451,0.17551064491271973,"(5.177028121287272, 7.38434207532388)","(4.615795738090173, 0.2637322695260904)",True
2026-02-14T11:22:29.494826,delta,random,43,2.7938751054934934,0.11304330825805664,"(4.45157509313613, 3.918975003111492)","(5.589455114293501, 6.1548358143944295)",True
2026-02-14T11:22:29.625931,delta,random,43,2.206891871830315,0.11986804008483887,"(5.200021221753857, 1.477829027976468)","(6.7415015208952465, 2.5600518959302843)",True
2026-02-14T11:22:29.795253,delta,random,43,2.1706287902513157,0.15808820724487305,"(4.0337444933706355, 5.639973415010903)","(6.119995293500532, 5.664838343626741)",True
2026-02-14T11:22:29.901905,delta,random,43,5.777548486842125,0.09545326232910156,"(0.3641881573663879, 2.851628480253847)","(5.619000302743091, 4.462760778494284)",True
2026-02-14T11:22:30.044272,delta,random,43,3.3238251337273637,0.13091707229614258,"(7.5604430594101615, 5.318064274418521)","(7.4100753568005375, 2.2160412162237)",True
2026-02-14T11:22:30.162358,delta,random,43,4.057904351346287,0.10663080215454102,"(6.171026206197362, 1.0865711567860297)","(5.5317546085210845, 5.054121276958614)",True
2026-02-14T11:22:30.299633,delta,random,43,1.841254259404025,0.12587499618530273,"(5.33731540112494, 6.7157503313998115)","(3.9591255895763897, 5.494762991045706)",True
2026-02-14T11:22:30.526899,delta,random,43,5.137776705597727,0.2158336639404297,"(2.2743919688193515, 3.8388445144039114)","(7.113698675676268, 5.518531128432455)",True
2026-02-14T11:22:30.691882,delta,random,43,3.708409699874196,0.15367436408996582,"(4.300567820278123, 4.783966450872258)","(5.0361650597911956, 1.284539832085314)",True
2026-02-14T11:22:30.813766,delta,random,43,6.156482448342045,0.11068892478942871,"(6.543995823079238, 3.9907058239728883)","(0.9044222509921012, 5.891182280897988)",True
2026-02-14T11:22:31.004502,delta,random,43,4.983906162033135,0.17936110496520996,"(3.320302141881948, 2.5834924514831226)","(1.1382999315395868, 6.970321842855331)",True
2026-02-14T11:22:31.244286,delta,random,43,5.879145731688565,0.2285916805267334,"(0.4552947683514015, 5.050934554222106)","(5.5051944420619385, 7.73912247154117)",True
2026-02-14T11:22:33.376329,delta,random,114,6.9884385393949096,0.14875054359436035,"(1.2130557374011737, 6.949962245930501)","(7.407070104386086, 3.907305421205149)",True
2026-02-14T11:22:33.526688,delta,random,114,5.563920291411549,0.1320934295654297,"(1.0656376007429182, 4.173552607981756)","(5.76849130771088, 1.6783165063887706)",True
2026-02-14T11:22:33.666691,delta,random,114,6.521390533022407,0.12873506546020508,"(4.912959204891536, 0.6021946883877112)","(0.667259976013848, 5.358895156991725)",True
2026-02-14T11:22:33.849089,delta,random,114,6.388409433118471,0.17141056060791016,"(3.4712792895933466, 1.6409634143696188)","(7.708736536413339, 6.025961808918556)",True
2026-02-14T11:22:33.994525,delta,random,114,2.934137680370798,0.13428282737731934,"(3.6836651316052142, 5.713420632923441)","(6.352355405804723, 5.8878320980179994)",True
2026-02-14T11:22:34.158356,delta,random,114,8.448488336698933,0.1526334285736084,"(7.7797458527702466, 5.825436781988049)","(0.7451531062905934, 1.7353013949682046)",True
2026-02-14T11:22:34.357502,delta,random,114,1.7366290522661751,0.18791961669921875,"(3.0045189959250536, 6.763342274935801)","(2.381012027873278, 5.163004784449418)",True
2026-02-14T11:22:34.515209,delta,random,114,3.7071148996979657,0.14641380310058594,"(4.036784824356363, 6.55126076927554)","(4.03136646736839, 2.8441498321714693)",True
2026-02-14T11:22:34.702787,delta,random,114,3.3892513185563917,0.17638349533081055,"(6.962529597718922, 1.4186113793210078)","(3.7367995579430326, 1.1807619783390475)",True
2026-02-14T11:22:34.811006,delta,random,114,2.7137018274059415,0.09703898429870605,"(3.7606293530886266, 0.33926161085701345)","(5.766982036991202, 2.0978977152433487)",True
2026-02-14T11:22:34.979875,delta,random,114,1.6540183982720045,0.1576998233795166,"(2.706929456152686, 5.594494137496043)","(2.5116309878312233, 3.952046767232491)",True
2026-02-14T11:22:35.127504,delta,random,114,2.394768681651502,0.13649940490722656,"(5.447924354697564, 1.7403643941257956)","(3.1349154929062424, 2.291063513189232)",True
2026-02-14T11:22:35.272450,delta,random,114,6.979132037592988,0.13367652893066406,"(2.785307233880534, 0.4306966903619456)","(0.6872009782923838, 6.8189630880426835)",True
2026-02-14T11:22:35.454673,delta,random,114,3.5842120995449602,0.171187162399292,"(5.133587543067281, 5.795028846925897)","(2.7949481392113347, 3.0797273480479976)",True
2026-02-14T11:22:35.648495,delta,random,114,3.9427731551104443,0.1826784610748291,"(7.765133865637231, 2.816836319927533)","(7.126133795085521, 6.628746850213056)",True
2026-02-14T11:22:35.779850,delta,random,114,6.5219742457791385,0.12015342712402344,"(7.047212567829609, 2.3542179856882095)","(2.7352848497193705, 7.006521167254027)",True
2026-02-14T11:22:35.863919,delta,random,114,4.757227038928267,0.07309079170227051,"(6.371118964215027, 4.055162502536974)","(4.084670441280061, 0.4719248190648413)",True
2026-02-14T11:22:36.039969,delta,random,114,3.740923568183212,0.16505122184753418,"(3.2352108694462434, 6.403091690037265)","(0.5081868641803267, 4.224866418388843)",True
2026-02-14T11:22:36.167202,delta,random,114,3.7966352455500605,0.11596322059631348,"(6.177135062759746, 3.784828787263069)","(3.0324925535134586, 1.7043777837189849)",True
2026-02-14T11:22:36.324553,delta,random,114,3.109039162300681,0.14623475074768066,"(3.5549051895844634, 3.8327902201201356)","(3.573295851474584, 6.715882040627164)",True
2026-02-14T11:22:36.454943,delta,random,114,3.2490793014112973,0.11935806274414062,"(1.229954991476995, 0.26937872998569823)","(2.611243739875876, 2.919876385259717)",True
2026-02-14T11:22:36.632993,delta,random,114,1.7626717321157117,0.16691231727600098,"(3.217404682036922, 3.564494581343749)","(4.379290061129588, 4.890026169694211)",True
2026-02-14T11:22:36.797196,delta,random,114,4.746717113611331,0.15322327613830566,"(1.8207107500091304, 6.911301613414631)","(4.1036046711279655, 2.827773564421883)",True
2026-02-14T11:22:36.970815,delta,random,114,4.211308157354821,0.1625354290008545,"(1.9959055777100803, 4.240902421626572)","(5.250772930213947, 1.860444195868019)",True
2026-02-14T11:22:37.143140,delta,random,114,5.88984527016544,0.16123747825622559,"(7.678437520145508, 3.356310511985053)","(2.948495758342591, 5.672434682989181)",True
2026-02-14T11:22:37.291983,delta,random,114,3.2287154127718627,0.1376190185546875,"(4.78614388510145, 6.594508062859309)","(7.4538477813181965, 5.9094207712852445)",True
2026-02-14T11:22:37.382181,delta,random,114,3.753100902201839,0.07909607887268066,"(5.149351053512178, 4.641838864967612)","(7.356730859013426, 6.931277252843114)",True
2026-02-14T11:22:37.516239,delta,random,114,4.35250679360667,0.12320756912231445,"(2.0642639578923747, 6.347162862353806)","(1.7272798866501988, 2.059903328113645)",True
2026-02-14T11:22:37.635805,delta,random,114,2.7831204810559997,0.10861706733703613,"(6.028487310474087, 5.740763957691481)","(3.743446297328351, 5.201788305410847)",True
2026-02-14T11:22:37.815431,delta,random,114,6.181264064948347,0.1686718463897705,"(4.288495339984665, 1.770060934557308)","(2.5699953804442277, 7.683066234167583)",True
2026-02-14T11:22:37.945838,delta,random,114,5.711054787324408,0.11946749687194824,"(1.4196781954270161, 6.867659659536189)","(2.117142490986434, 1.7166101803342722)",True
2026-02-14T11:22:38.084175,delta,random,114,5.467043530879583,0.1273953914642334,"(5.103192518063457, 6.777605703106744)","(1.5516145264868175, 2.7254905450831144)",True
2026-02-14T11:22:38.195906,delta,random,114,4.5764662536750995,0.10070109367370605,"(1.2195825511137643, 0.3167023142017511)","(3.135010235103807, 4.2911346657769345)",True
2026-02-14T11:22:38.330758,delta,random,114,4.196485589267281,0.12374496459960938,"(3.7735530942469104, 5.737832747508428)","(0.43313157875056696, 6.845895034482416)",True
2026-02-14T11:22:38.484538,delta,random,114,7.226389147216722,0.14255714416503906,"(0.8819443853560971, 7.261467443795178)","(6.681234439377443, 3.3856519269018177)",True
2026-02-14T11:22:38.699726,delta,random,114,3.5012377938855215,0.19674134254455566,"(2.835387881097856, 3.9523551200237153)","(0.5810207831263172, 1.355273437391232)",True
2026-02-14T11:22:38.904167,delta,random,114,5.452138185435526,0.193267822265625,"(2.7870620681748743, 6.982586559821242)","(4.109128827437788, 1.7097045217342286)",True
2026-02-14T11:22:39.041205,delta,random,114,2.854761569331008,0.1258103847503662,"(2.3045081577784643, 3.0987244348963854)","(4.714919250037972, 2.4950011349807157)",True
2026-02-14T11:22:39.175917,delta,random,114,4.831478852865803,0.12357091903686523,"(5.807229971666782, 0.8258628397906982)","(2.806431096659108, 4.342988378656334)",True
2026-02-14T11:22:39.283611,delta,random,114,6.626490883082885,0.09661507606506348,"(7.395758253130494, 5.673076620140552)","(1.0721461703310942, 5.113513493513221)",True
2026-02-14T11:22:39.455300,delta,random,114,6.0155785145263145,0.16074132919311523,"(2.9297490033573226, 1.120812495957221)","(6.09051843581902, 5.9592492630727865)",True
2026-02-14T11:22:39.576021,delta,random,114,2.0385257768417393,0.1098184585571289,"(4.655602868541081, 3.371012085242315)","(6.660720881535021, 3.620768047486094)",True
2026-02-14T11:22:39.651041,delta,random,114,8.063375779643316,0.06396317481994629,"(5.455713145718264, 7.7463873538790375)","(7.616220152438431, 0.9488475524432314)",True
2026-02-14T11:22:39.817655,delta,random,114,8.923622373626083,0.15553712844848633,"(6.032783638484152, 0.6816699837033342)","(0.7690684753923165, 7.540754835093308)",True
2026-02-14T11:22:39.950454,delta,random,114,4.145092759264623,0.12169241905212402,"(5.647669164208912, 4.327406027126334)","(1.8198440214023357, 3.028020053392626)",True
2026-02-14T11:22:40.124602,delta,random,114,2.6698573276340176,0.16295671463012695,"(4.346385718075437, 4.862150334590157)","(1.7137641389207197, 5.009347084256087)",True
2026-02-14T11:22:40.274796,delta,random,114,7.819903800567223,0.1390845775604248,"(4.952371750685869, 1.248380871095602)","(1.0410167057193744, 7.638476153526043)",True
2026-02-14T11:22:40.427124,delta,random,114,2.048307388891467,0.14128828048706055,"(4.8064587104328265, 3.5175162817611954)","(2.857442194368706, 3.7807149219430185)",True
2026-02-14T11:22:40.568663,delta,random,114,4.542967732686906,0.13041329383850098,"(5.054775856876888, 1.7894604479370377)","(3.758350714502037, 6.02291929710303)",True
2026-02-14T11:22:40.729951,delta,random,114,3.0882729114506007,0.15015363693237305,"(0.40317397977349945, 3.971504999662214)","(2.8237694639074222, 5.68724846558976)",True
2026-02-14T11:22:40.869464,delta,random,114,8.848425630478888,0.1283557415008545,"(1.3558133005244573, 0.42750238009120256)","(5.508958938772216, 7.629447299537724)",True
2026-02-14T11:22:40.918306,delta,random,114,4.096722864658132,0.03771710395812988,"(6.497533215746458, 4.429595485032528)","(5.656990127614138, 0.9014488110046575)",True
2026-02-14T11:22:41.113310,delta,random,114,6.207576852569247,0.18422341346740723,"(5.401698829150948, 5.3476812182048565)","(0.5344882453047433, 1.5717598079283999)",True
2026-02-14T11:22:41.274957,delta,random,114,6.78541384582797,0.15070414543151855,"(1.0977913085661992, 2.5649182534803456)","(6.114372614504893, 6.751521029200232)",True
2026-02-14T11:22:41.449335,delta,random,114,6.155144437943299,0.16336417198181152,"(2.8868680760542897, 1.764381479843931)","(4.029289262785098, 7.645417495669436)",True
2026-02-14T11:22:41.542449,delta,random,114,4.9491910622392234,0.08197355270385742,"(3.227273617706648, 1.2770847546830195)","(6.039530714259827, 4.619052571274324)",True
2026-02-14T11:22:41.660977,delta,random,114,4.742069675047053,0.10739588737487793,"(6.640344213854305, 4.406666369963553)","(2.298347628440631, 4.375070422736565)",True
2026-02-14T11:22:41.844585,delta,random,114,2.441521722629516,0.17258954048156738,"(4.267904658172873, 3.8731010228998146)","(4.96635144920912, 1.6909743730705085)",True
2026-02-14T11:22:41.968276,delta,random,114,6.327666325756177,0.11253952980041504,"(6.62304194636712, 3.8051161213121247)","(1.179558264458576, 5.575647055446954)",True
2026-02-14T11:22:42.159823,delta,random,114,2.305989347427877,0.18061351776123047,"(2.4364528254760316, 5.238614045661787)","(2.090532613300625, 7.488636451512785)",True
2026-02-14T11:22:42.357597,delta,random,114,6.927446722874931,0.18682026863098145,"(6.850249704543315, 6.755518016282836)","(0.26424504140965244, 5.1450175469220625)",True
2026-02-14T11:22:42.525978,delta,random,114,4.8682774344099835,0.15729594230651855,"(1.0315123810206188, 3.089909478129809)","(5.685151418733668, 4.264802984327017)",True
2026-02-14T11:22:42.695771,delta,random,114,4.121676872963138,0.1587202548980713,"(6.055055442724416, 5.917880430643711)","(1.9994751030020463, 6.094696677495662)",True
2026-02-14T11:22:42.852280,delta,random,114,7.065546458555815,0.14537262916564941,"(5.8447071741518375, 0.9243703245664516)","(1.9634847463065208, 6.454112920411594)",True
2026-02-14T11:22:43.018301,delta,random,114,4.359265508123607,0.15482473373413086,"(4.214549653761011, 6.549488919101107)","(6.595522219892005, 3.410353819186999)",True
2026-02-14T11:22:43.170193,delta,random,114,5.566541872628149,0.1407332420349121,"(1.1249532998747167, 1.829230414111442)","(5.246176596476681, 5.068358883143664)",True
2026-02-14T11:22:43.352330,delta,random,114,2.9560856617432782,0.1710646152496338,"(2.655010890114367, 3.056065789548465)","(2.0664650182843074, 5.938441019306749)",True
2026-02-14T11:22:43.509336,delta,random,114,3.5653218476656354,0.14582371711730957,"(3.487038879118824, 7.288124786522802)","(6.10070391867557, 4.875265725021512)",True
2026-02-14T11:22:43.681155,delta,random,114,3.6815884898307636,0.15359115600585938,"(2.215289865593917, 1.0717269121051496)","(2.6876975050430714, 4.362492681035843)",True
2026-02-14T11:22:43.839602,delta,random,114,6.417013670540958,0.14728140830993652,"(6.2848970502685875, 7.30682642671935)","(2.3707285646990703, 2.436607636914677)",True
2026-02-14T11:22:43.972993,delta,random,114,6.1281746747184,0.12226748466491699,"(7.181370335893224, 4.7510659746686414)","(3.0395264690005472, 0.45360915705522586)",True
2026-02-14T11:22:44.127650,delta,random,114,3.934048011046729,0.1436748504638672,"(6.020096015528441, 0.7425539370378074)","(7.418655761257262, 4.105001882137759)",True
2026-02-14T11:22:44.242811,delta,random,114,7.090593979787019,0.10416436195373535,"(7.399453049119341, 1.7787432691007323)","(3.2942397751982035, 7.264593699866062)",True
2026-02-14T11:22:44.411199,delta,random,114,4.016292135254659,0.15731191635131836,"(4.1359873131098395, 5.506304914189041)","(7.2262231997326944, 3.231890360072205)",True
2026-02-14T11:22:44.572951,delta,random,114,7.024986022128932,0.15076923370361328,"(0.48159371512572946, 0.2999457956119347)","(6.709339572166534, 3.0798655715222525)",True
2026-02-14T11:22:44.674510,delta,random,114,2.461646192426336,0.0906059741973877,"(5.5679228641946725, 0.7073111719361567)","(5.238032461018105, 2.7955330552829727)",True
2026-02-14T11:22:44.834635,delta,random,114,5.15326595824132,0.14900636672973633,"(4.083687482675392, 6.761485821635212)","(5.51777594424673, 1.921905235429155)",True
2026-02-14T11:22:45.000324,delta,random,114,5.424702311800656,0.15469050407409668,"(4.630016695280714, 6.466986254148076)","(5.159180032657054, 1.3381111041857068)",True
2026-02-14T11:22:45.136998,delta,random,114,2.438787732779272,0.12558698654174805,"(1.2303132053806847, 7.6158536648279185)","(3.6059713670352673, 7.1645776547675055)",True
2026-02-14T11:22:45.295729,delta,random,114,3.349609057666206,0.1478102207183838,"(6.859436672128845, 5.298131712480085)","(3.8652217744810873, 4.24831744075568)",True
2026-02-14T11:22:45.484427,delta,random,114,3.0106079076651233,0.1775822639465332,"(4.550182687528502, 1.8946169791269938)","(2.5860590091089355, 4.089457215032645)",True
2026-02-14T11:22:45.620642,delta,random,114,1.9503171433059645,0.12525320053100586,"(3.4829964874344554, 2.8087583358609676)","(2.3201308984326756, 4.37447866737912)",True
2026-02-14T11:22:45.761321,delta,random,114,3.766472157227099,0.12977004051208496,"(6.029149610791113, 4.878958590056133)","(3.7424963582772612, 2.2594059902321177)",True
2026-02-14T11:22:45.916212,delta,random,114,3.9850752481454537,0.1439206600189209,"(5.8506237824476655, 0.7783053468731511)","(2.9399492854912115, 3.1642014757179844)",True
2026-02-14T11:22:46.124256,delta,random,114,7.247547829030937,0.19701409339904785,"(0.46488951262436284, 3.3714190129068475)","(6.825728401133237, 6.608522718110423)",True
2026-02-14T11:22:46.315414,delta,random,114,3.4240742861503044,0.1799771785736084,"(5.561763817574438, 6.500441421731484)","(2.1439829163794473, 6.707946631635956)",True
2026-02-14T11:22:46.451903,delta,random,114,5.190298748839332,0.1255788803100586,"(5.282460341584516, 4.2378347979806446)","(0.9571223446844472, 6.727767826105467)",True
2026-02-14T11:22:46.591501,delta,random,114,6.709153861123466,0.12850522994995117,"(1.2457646325439962, 5.360894733446102)","(7.5860380309173765, 6.853330212108784)",True
2026-02-14T11:22:46.779245,delta,random,114,2.4597527304823776,0.17667746543884277,"(2.0694610924674146, 7.644420768918852)","(0.5960831291123228, 5.905175327283648)",True
2026-02-14T11:22:46.977839,delta,random,114,2.4654469713927316,0.1874406337738037,"(3.9847628401458426, 5.3315632684815135)","(1.8957118152743293, 5.941661495672614)",True
2026-02-14T11:22:47.060223,delta,random,114,4.572690746714769,0.07130146026611328,"(4.483277331569209, 7.235593284671833)","(6.590122660308459, 3.816376666401494)",True
2026-02-14T11:22:47.233193,delta,random,114,6.002566241087818,0.1618654727935791,"(7.493932832186235, 1.968687523216226)","(1.8935705050867346, 0.39918828846557375)",True
2026-02-14T11:22:47.351365,delta,random,114,3.1118578245195097,0.10721635818481445,"(1.3791424062142372, 3.9364037447679108)","(4.1837639389908565, 4.327449380056301)",True
2026-02-14T11:22:47.485815,delta,random,114,2.9757542964646597,0.12334251403808594,"(2.712971735165498, 1.0531668775089615)","(4.303617077511626, 3.549974610139116)",True
2026-02-14T11:22:47.665982,delta,random,114,2.7198746584027003,0.16907715797424316,"(0.413615040867211, 5.285701745970146)","(2.915112620726096, 4.375916345625784)",True
2026-02-14T11:22:47.817156,delta,random,114,4.337796262835525,0.14025402069091797,"(4.413976887977159, 2.064581572566307)","(1.6667477685902963, 5.322564237729925)",True
2026-02-14T11:22:47.975443,delta,random,114,2.390709250178058,0.14731454849243164,"(6.313771409367355, 7.0359479303156665)","(4.920493219719121, 5.200543499955451)",True
2026-02-14T11:22:48.123568,delta,random,114,8.435679774339466,0.13709259033203125,"(1.0339733714177823, 7.589969696819088)","(4.755470139291891, 0.41418652821701407)",True
2026-02-14T11:22:48.284624,delta,random,114,5.707821499571823,0.1499483585357666,"(3.5823094680160006, 2.9445374361704273)","(0.43425077218004215, 7.5819103363271)",True
2026-02-14T11:22:48.421496,delta,random,114,7.163870855627733,0.1257925033569336,"(2.4357134533544977, 1.3313101627600554)","(7.375020589371599, 5.663330108945508)",True
2026-02-14T11:22:50.549634,delta,random,520,1.9576329545023303,0.10300731658935547,"(3.535352085915343, 1.6612861574803146)","(5.242581998153053, 2.4984248201710386)",True
2026-02-14T11:22:50.730212,delta,random,520,1.7878157258729244,0.16934490203857422,"(0.47690089041590955, 2.990819551217135)","(1.6387467142918153, 1.6664319549452573)",True
2026-02-14T11:22:50.909177,delta,random,520,4.630306586131996,0.1677083969116211,"(0.22718962566007406, 3.7189358460261515)","(4.6920163518050355, 4.763375890938697)",True
2026-02-14T11:22:51.062383,delta,random,520,2.0944704165672525,0.1419386863708496,"(1.724917439969711, 3.504905657846874)","(2.2319123757029296, 1.6826849160220796)",True
2026-02-14T11:22:51.183779,delta,random,520,2.3723148427236973,0.11016345024108887,"(7.673862926598818, 3.2296302826644725)","(6.453215320706962, 1.379950497580511)",True
2026-02-14T11:22:51.301614,delta,random,520,2.8418926657688925,0.106597900390625,"(2.715065165530368, 0.6770163890054839)","(2.1108151077672392, 3.1290443785582545)",True
2026-02-14T11:22:51.412186,delta,random,520,3.175170104686423,0.0989081859588623,"(4.008826469947541, 3.587088941792179)","(4.130399349862902, 0.5788949115996873)",True
2026-02-14T11:22:51.560539,delta,random,520,5.653012983209754,0.13707566261291504,"(2.317752156033637, 6.003477666874549)","(5.646610052552731, 1.5268352303336998)",True
2026-02-14T11:22:51.764929,delta,random,520,6.3254781789467565,0.19313764572143555,"(0.22207316711958658, 3.261272275757105)","(5.2353887447751495, 6.977451697151769)",True
2026-02-14T11:22:51.933496,delta,random,520,1.6096930314945763,0.15733575820922852,"(5.599379675881388, 6.921727205576632)","(4.005404209368476, 6.697330674132714)",True
2026-02-14T11:22:52.110549,delta,random,520,6.0266030245199405,0.1658015251159668,"(6.790377557118126, 0.3624496699409203)","(4.6540151119347195, 5.9247465632206)",True
2026-02-14T11:22:52.215489,delta,random,520,3.2862245021878036,0.09377765655517578,"(4.859749217922069, 3.774106600056289)","(4.350813065024804, 0.5450919913554495)",True
2026-02-14T11:22:52.394632,delta,random,520,5.599734898386949,0.16797542572021484,"(2.3183212418143304, 6.2123383428281045)","(5.2828938493519475, 1.531470770555206)",True
2026-02-14T11:22:52.492811,delta,random,520,2.0596536158631324,0.0871877670288086,"(7.650460039348916, 2.0642976526258074)","(6.185667479918513, 1.1627573414265946)",True
2026-02-14T11:22:52.628799,delta,random,520,2.5455528664114766,0.12459206581115723,"(6.279246519048415, 7.783849143152036)","(5.063157025172916, 5.553348467488454)",True
2026-02-14T11:22:52.768382,delta,random,520,5.8251049595165245,0.12836599349975586,"(3.376938983763008, 5.472522523953347)","(7.332761502069344, 1.6937949080699273)",True
2026-02-14T11:22:52.961284,delta,random,520,4.183540885603529,0.1814897060394287,"(5.405479938693523, 7.231938387299402)","(6.487010930631172, 3.215003068893796)",True
2026-02-14T11:22:53.076617,delta,random,520,5.979352136062432,0.10413289070129395,"(5.593502561663922, 5.258469019877078)","(0.5530050489801912, 7.703339944620364)",True
2026-02-14T11:22:53.211600,delta,random,520,2.1508701410010267,0.12362074851989746,"(4.662786998392077, 5.818726873399694)","(6.327671415350725, 4.593768445200822)",True
2026-02-14T11:22:53.311043,delta,random,520,-1,0.08832335472106934,"(7.2429649515657, 7.643606880846244)","(7.721946520563834, 1.0773233195781424)",False
2026-02-14T11:22:53.443854,delta,random,520,4.463197754281228,0.13260936737060547,"(1.8651771437706763, 7.2331658216490915)","(5.439554410550811, 5.231238047834015)",True
2026-02-14T11:22:53.588577,delta,random,520,5.414121364950111,0.1334984302520752,"(1.6713980345893482, 1.1638255076463366)","(5.617659074700349, 4.828891837456916)",True
2026-02-14T11:22:53.732802,delta,random,520,4.453000568615006,0.13284707069396973,"(3.877091797489739, 3.5500509807153735)","(6.946746251520126, 6.6668345613083355)",True
2026-02-14T11:22:53.838265,delta,random,520,3.2464608242545054,0.09415721893310547,"(5.147683746472588, 2.517584587444606)","(6.6508446763251605, 4.710134452915623)",True
2026-02-14T11:22:53.984774,delta,random,520,3.384521942176747,0.1352989673614502,"(3.9670802222827914, 0.877551657328743)","(2.571214573999674, 3.6331043709321333)",True
2026-02-14T11:22:54.105248,delta,random,520,3.969068952225815,0.10890007019042969,"(4.497506463459405, 4.906902288777008)","(6.869530501666281, 1.7732164319234718)",True
2026-02-14T11:22:54.251283,delta,random,520,4.775665938571781,0.13477540016174316,"(4.076855407526908, 2.248449677561064)","(6.541077755310627, 5.704968779545193)",True
2026-02-14T11:22:54.436713,delta,random,520,8.225020000855158,0.174163818359375,"(7.7831631817878755, 6.025314882130808)","(0.5390550494111688, 2.898487166774397)",True
2026-02-14T11:22:54.584617,delta,random,520,6.8897493095041265,0.13656187057495117,"(0.5310896672247054, 2.3997862400937597)","(6.8594421660331655, 4.003898595182073)",True
2026-02-14T11:22:54.748974,delta,random,520,4.560897621416805,0.15307116508483887,"(1.4560156775425535, 4.3426553773397805)","(5.709515845372983, 4.960986077104692)",True
2026-02-14T11:22:54.904174,delta,random,520,4.205985921775388,0.14383983612060547,"(4.303545390131153, 5.5142112146508095)","(6.962966955209028, 2.5067469379475114)",True
2026-02-14T11:22:55.063198,delta,random,520,4.28976559913079,0.14778971672058105,"(6.486394956775909, 6.153472293521694)","(2.9092443621553565, 4.339724594729747)",True
2026-02-14T11:22:55.230115,delta,random,520,2.8741814933472556,0.15557336807250977,"(0.6320301696355495, 1.9097572203345656)","(1.4218401530801286, 4.613031574747489)",True
2026-02-14T11:22:55.318946,delta,random,520,4.563706928621775,0.07754015922546387,"(7.206472657533252, 4.157397297534416)","(4.531034186839598, 0.5416565211282975)",True
2026-02-14T11:22:55.511889,delta,random,520,6.901313887015128,0.1816401481628418,"(0.2971564876276469, 2.929841860430189)","(6.3651665185604145, 5.771570534140855)",True
2026-02-14T11:22:55.683122,delta,random,520,3.857140633267255,0.15992188453674316,"(4.954526848636369, 1.080671937044774)","(7.583297438438449, 3.4089326203988906)",True
2026-02-14T11:22:55.906687,delta,random,520,4.846694333149527,0.2122948169708252,"(2.287142562861632, 6.214921455055688)","(7.102487023728847, 6.483425488029224)",True
2026-02-14T11:22:56.046744,delta,random,520,5.806255023545878,0.1286776065826416,"(5.983254219572773, 6.30812361476502)","(1.4443228985486556, 2.7538461664934957)",True
2026-02-14T11:22:56.235404,delta,random,520,7.4150977004816525,0.17731332778930664,"(7.64280853411138, 6.705937304876528)","(0.5098927639204511, 7.063904801638494)",True
2026-02-14T11:22:56.418395,delta,random,520,3.787158473689598,0.17144131660461426,"(0.23388539207751968, 4.147983345850858)","(1.9704437857230275, 7.243261158717151)",True
2026-02-14T11:22:56.566357,delta,random,520,5.041299488103778,0.1364734172821045,"(2.680745942425297, 2.178079414627124)","(4.129891523442644, 6.968774208663652)",True
2026-02-14T11:22:56.810666,delta,random,520,2.7666028945675043,0.23256945610046387,"(2.938636081958835, 7.658813053326392)","(5.654408238765413, 7.304270931523096)",True
2026-02-14T11:22:56.957327,delta,random,520,2.7992380346929098,0.13516712188720703,"(5.316952684257093, 4.563601215705996)","(7.129590737110887, 6.402784358144899)",True
2026-02-14T11:22:57.110343,delta,random,520,2.896304126595557,0.14182305335998535,"(1.5966644198770066, 3.5643563661667015)","(2.7102227988758365, 0.9873737722084215)",True
2026-02-14T11:22:57.290753,delta,random,520,7.3119532678191375,0.169142484664917,"(7.527182809089343, 2.8125729506298516)","(2.4390810019566684, 7.44696725621308)",True
2026-02-14T11:22:57.418026,delta,random,520,6.032304369177718,0.116058349609375,"(0.8249414429958009, 3.4279794524392173)","(6.037318800827626, 6.161957945369272)",True
2026-02-14T11:22:57.548839,delta,random,520,4.216888728925341,0.11945080757141113,"(4.544746544309971, 6.561588939636127)","(3.6693205921188277, 2.661657444671752)",True
2026-02-14T11:22:57.663738,delta,random,520,6.478142826576608,0.10351204872131348,"(0.42605767661662064, 1.7601772684940693)","(6.840112104506813, 1.8221644531667414)",True
2026-02-14T11:22:57.729238,delta,random,520,1.837794268441936,0.054207563400268555,"(0.8486209322626577, 1.7431356754838587)","(0.853630985264016, 3.4293660094967704)",True
2026-02-14T11:22:57.876831,delta,random,520,5.6304241034564875,0.13631200790405273,"(2.2763105810929893, 5.911545385436233)","(3.1872845658986986, 0.7394300819371882)",True
2026-02-14T11:22:58.055488,delta,random,520,5.418161269485563,0.1672191619873047,"(6.517769480318409, 1.8700809933127376)","(1.4527582586908183, 2.440411265414559)",True
2026-02-14T11:22:58.193844,delta,random,520,5.175922194181727,0.12690067291259766,"(0.812083631288572, 5.411608202422561)","(5.406476021230184, 3.706477387064835)",True
2026-02-14T11:22:58.327037,delta,random,520,2.5047063698074523,0.12198472023010254,"(6.371346870417632, 4.785934163246397)","(6.857903834749825, 7.023327261511581)",True
2026-02-14T11:22:58.489439,delta,random,520,2.438208946073253,0.15107226371765137,"(4.457231030052103, 3.502452784275076)","(2.0419788179693876, 3.836006606576613)",True
2026-02-14T11:22:58.653758,delta,random,520,5.252829903481506,0.1531515121459961,"(7.426718570912376, 1.0090603309040782)","(4.078225155300511, 4.945545964028252)",True
2026-02-14T11:22:58.791296,delta,random,520,5.040363383107659,0.12601184844970703,"(6.720414341902541, 6.9315332077691005)","(2.6169446588252008, 4.379953817474904)",True
2026-02-14T11:22:58.980573,delta,random,520,7.594980634512812,0.17801475524902344,"(0.5573568093435144, 7.194746092690923)","(4.51448064700599, 0.9096137573875867)",True
2026-02-14T11:22:59.154344,delta,random,520,6.970506450320693,0.16237235069274902,"(7.127641834816561, 4.030069439689906)","(1.4526907829859281, 7.56513961566835)",True
2026-02-14T11:22:59.300155,delta,random,520,3.0269245280826507,0.13400936126708984,"(4.692288925925637, 4.394733968248836)","(4.75186117778473, 1.5257532550358448)",True
2026-02-14T11:22:59.409347,delta,random,520,3.985805915266423,0.0978398323059082,"(4.117243171750033, 0.6211918859602106)","(4.87964683735565, 4.491737989504254)",True
2026-02-14T11:22:59.588225,delta,random,520,4.0456168428084505,0.1676039695739746,"(4.74590024695137, 7.752331133712585)","(3.6559638786951876, 4.081012459741463)",True
2026-02-14T11:22:59.749209,delta,random,520,6.646209845242958,0.14965415000915527,"(5.328282069481598, 2.5419955690284812)","(1.0686963601496915, 7.608522458086445)",True
2026-02-14T11:22:59.916001,delta,random,520,5.375722977823591,0.1556873321533203,"(5.551249740482813, 5.874803756045977)","(4.945187807585542, 0.7528859918282249)",True
2026-02-14T11:23:00.102902,delta,random,520,1.924670810263034,0.1755828857421875,"(2.6241039624118887, 5.60249559829702)","(3.2399917797198725, 7.39279829960412)",True
2026-02-14T11:23:00.210048,delta,random,520,5.379865977651798,0.09601116180419922,"(1.0788965146158427, 0.8742731986802834)","(6.245852210074119, 1.1323483000195962)",True
2026-02-14T11:23:00.341202,delta,random,520,7.569691678657749,0.11983752250671387,"(3.12993241850619, 0.7059441561888979)","(7.458300126606837, 5.769283540100465)",True
2026-02-14T11:23:00.536556,delta,random,520,7.751046709063106,0.18399906158447266,"(6.953650544760558, 1.095503945223263)","(2.298124936524138, 7.209188591065011)",True
2026-02-14T11:23:00.676922,delta,random,520,3.9104445142398867,0.12884306907653809,"(2.4396002647025252, 0.4442868163280096)","(2.61886157031912, 4.295630501734191)",True
2026-02-14T11:23:00.851135,delta,random,520,5.302670940760659,0.1621859073638916,"(0.45142253834806656, 2.2906451601086877)","(4.111325486221035, 5.93070988200902)",True
2026-02-14T11:23:01.046252,delta,random,520,4.475019340998018,0.1838517189025879,"(3.237153953349864, 0.8200758663777927)","(7.480436072650748, 0.39176591227880575)",True
2026-02-14T11:23:01.158177,delta,random,520,3.479672516854253,0.10062098503112793,"(3.567237056527574, 0.9356549728642536)","(6.710080397271329, 1.6344948798400436)",True
2026-02-14T11:23:01.284125,delta,random,520,2.693707039791893,0.11465620994567871,"(3.9921162574792914, 6.540768805208795)","(3.528761644856723, 3.9034988675502778)",True
2026-02-14T11:23:01.390609,delta,random,520,4.311234368139473,0.09513378143310547,"(2.819620154060096, 3.245263791558191)","(4.192784052396384, 7.230171264653685)",True
2026-02-14T11:23:01.540571,delta,random,520,6.141439967780738,0.13872098922729492,"(1.964372159978331, 1.988937970433617)","(4.739966621029534, 6.8975335586909114)",True
2026-02-14T11:23:01.714048,delta,random,520,6.371102809436865,0.1619725227355957,"(7.108809715096896, 2.2507752309648357)","(0.8697089415090451, 1.0869684245145308)",True
2026-02-14T11:23:01.850167,delta,random,520,2.9168569127617903,0.12472224235534668,"(7.329000373493022, 4.089404808594828)","(6.807550334235464, 1.8194089170623498)",True
2026-02-14T11:23:02.076544,delta,random,520,7.962596213740465,0.21504831314086914,"(3.4579265906002323, 0.4833330558600242)","(0.606831304618149, 7.4750797010218335)",True
2026-02-14T11:23:02.199031,delta,random,520,2.3567393783371804,0.11118841171264648,"(1.291058960621207, 5.430890451020523)","(0.5643399380900656, 7.666770422903649)",True
2026-02-14T11:23:02.365182,delta,random,520,5.256970025566516,0.1551342010498047,"(3.4523276801740366, 6.470628005243522)","(5.3651242386708535, 1.5973520051735939)",True
2026-02-14T11:23:02.533040,delta,random,520,1.7909981176734417,0.15661406517028809,"(5.762104756196666, 0.22588086803623675)","(7.506597028884177, 0.6112171615537738)",True
2026-02-14T11:23:02.632655,delta,random,520,2.9977563272337218,0.08831024169921875,"(2.113149686850625, 5.367816593882238)","(0.9351082824667207, 3.1025281820969965)",True
2026-02-14T11:23:02.760440,delta,random,520,5.20541614419141,0.11659550666809082,"(5.772172845329373, 4.097621744055488)","(1.4874946923498946, 2.120403662484587)",True
2026-02-14T11:23:02.921570,delta,random,520,4.318261683525376,0.14978432655334473,"(3.9360401711463, 4.970152963616501)","(7.448924496195211, 7.272708653950663)",True
2026-02-14T11:23:03.052620,delta,random,520,2.186378578149503,0.11985468864440918,"(1.8378313232672703, 0.6972507955491309)","(1.8143416223506748, 2.8759447022291766)",True
2026-02-14T11:23:03.184909,delta,random,520,2.6850131738050047,0.12120461463928223,"(0.9386054910602972, 0.7151851712150759)","(3.2774936287734278, 1.079719219233481)",True
2026-02-14T11:23:03.331627,delta,random,520,3.7639851766747077,0.1354353427886963,"(6.362888579461969, 0.4777844423778941)","(6.840078365135476, 4.087603903022807)",True
2026-02-14T11:23:03.505087,delta,random,520,3.6344670590465564,0.16222929954528809,"(2.888113734674431, 5.112403045407123)","(0.7443610389978197, 2.4062398507441882)",True
2026-02-14T11:23:03.672010,delta,random,520,5.3587604313147645,0.15561628341674805,"(3.3907427237614503, 0.9557434921943395)","(3.2525529498653087, 6.16709229310418)",True
2026-02-14T11:23:03.794432,delta,random,520,3.8650729505581896,0.11118483543395996,"(5.720433509525731, 4.467321761092807)","(2.086772893216378, 5.646955783589358)",True
2026-02-14T11:23:03.991419,delta,random,520,5.884775230506994,0.185683012008667,"(2.1466176099452268, 1.6643195256291534)","(2.039347010760064, 7.381001854877011)",True
2026-02-14T11:23:04.165346,delta,random,520,4.526296996554738,0.1625518798828125,"(1.915490564977694, 7.339442586166955)","(5.321468529005053, 4.379844608017946)",True
2026-02-14T11:23:04.281585,delta,random,520,6.449155186927951,0.10483980178833008,"(4.221420517485891, 7.636719314128628)","(6.196851952412816, 1.8911182675197251)",True
2026-02-14T11:23:04.447245,delta,random,520,3.519592899671618,0.15426373481750488,"(7.000249049471324, 3.874492437471951)","(5.622506743091646, 7.033305821079822)",True
2026-02-14T11:23:04.634099,delta,random,520,4.972257338544495,0.1755669116973877,"(4.442050103195819, 4.209447161572335)","(0.7430889697521623, 1.024824881802835)",True
2026-02-14T11:23:04.820567,delta,random,520,2.254922968628284,0.1749567985534668,"(3.340063814706646, 4.503849908871258)","(1.3063878488803926, 3.9529551644870295)",True
2026-02-14T11:23:04.953229,delta,random,520,2.8419205209961276,0.1213982105255127,"(7.462705658851039, 7.323650428514194)","(5.272397533522295, 5.701340322351988)",True
2026-02-14T11:23:05.031297,delta,random,520,3.475160881405234,0.06686782836914062,"(6.346482516652661, 4.8219903480777555)","(7.424470353619246, 1.9601210299724157)",True
2026-02-14T11:23:05.229728,delta,random,520,2.2291295719606152,0.1869504451751709,"(5.883998559319113, 1.8551073068349622)","(7.259023066420543, 0.2288639752146162)",True
2026-02-14T11:23:05.382482,delta,random,520,1.9511305545187438,0.14134621620178223,"(2.167092889759406, 5.290365211549033)","(0.3186994132668177, 5.292383167579093)",True
2026-02-14T11:23:05.480178,delta,random,520,7.147536408476312,0.08649301528930664,"(1.2466210306751515, 5.1205751507515425)","(6.9924556977653705, 1.848208331671941)",True
2026-02-14T11:23:07.652245,beam,random,43,2.689433354242743,0.08050870895385742,"(0.9204365311182316, 4.872532314235851)","(2.6171124464891182, 6.873099927588782)",True
2026-02-14T11:23:07.691255,beam,random,43,2.993844730983823,0.03338122367858887,"(0.2321105953948832, 5.869986370242263)","(3.159600147448047, 6.416376949029332)",True
2026-02-14T11:23:07.750890,beam,random,43,4.066883300943558,0.05424761772155762,"(6.933189127193602, 1.7682319670749704)","(3.2399155843780774, 2.5287717681456696)",True
2026-02-14T11:23:07.813522,beam,random,43,2.3903798009222887,0.05705904960632324,"(3.083015315161105, 7.635905000869322)","(3.566066886717751, 5.357797213774462)",True
2026-02-14T11:23:07.856645,beam,random,43,-1,0.03756308555603027,"(0.6600003975772433, 7.176788639852274)","(2.3840280055101015, 2.0984385807710515)",False
2026-02-14T11:23:07.917934,beam,random,43,4.754673653257946,0.06125164031982422,"(3.8047709360580253, 5.090989420572181)","(0.8321515988381032, 1.447316762063208)",True
2026-02-14T11:23:07.994161,beam,random,43,2.500925080829737,0.07061648368835449,"(7.624321767893933, 3.2956238670908693)","(6.920136964857454, 5.377418235809409)",True
2026-02-14T11:23:08.053164,beam,random,43,2.2129591275990155,0.053464651107788086,"(5.03028636705729, 2.204470213191617)","(7.173978157926901, 1.6551309707469217)",True
2026-02-14T11:23:08.115064,beam,random,43,2.514740826850649,0.0562901496887207,"(5.815903935743908, 3.193575087232598)","(5.361161317619055, 5.6377248630443315)",True
2026-02-14T11:23:08.171564,beam,random,43,4.470072829518257,0.0508732795715332,"(4.876478970072366, 4.320275713453248)","(1.6486548073064142, 1.5932918129816152)",True
2026-02-14T11:23:08.230763,beam,random,43,2.116248353628752,0.05348038673400879,"(1.1558270273826299, 3.231653335843756)","(2.482156214756718, 1.947184130247698)",True
2026-02-14T11:23:08.291743,beam,random,43,4.069665346143497,0.05537056922912598,"(4.704832341267009, 1.9627460237068783)","(5.982164894342905, 5.761173182833783)",True
2026-02-14T11:23:08.334691,beam,random,43,5.609998658760264,0.03728914260864258,"(7.549139425474329, 4.026717063142255)","(4.755593494547446, 7.723268653418106)",True
2026-02-14T11:23:08.397692,beam,random,43,8.211603752807967,0.05739545822143555,"(0.5097645465385163, 4.5569951915444715)","(7.634555865568307, 5.918910558427793)",True
2026-02-14T11:23:08.452047,beam,random,43,5.390596735697325,0.04873299598693848,"(7.087195964382987, 2.040370242678372)","(3.5465015578318724, 4.935495806567161)",True
2026-02-14T11:23:08.524938,beam,random,43,7.057928946853698,0.06732988357543945,"(0.3576352194859753, 2.493019754473206)","(6.0163174909282, 5.723992692224518)",True
2026-02-14T11:23:08.568347,beam,random,43,6.277104128018397,0.03775167465209961,"(7.532433950066536, 6.215162933670156)","(1.7218281198974896, 7.239769445066004)",True
2026-02-14T11:23:08.615145,beam,random,43,3.1582681811911426,0.040997982025146484,"(4.418113176091229, 6.75918310061485)","(7.379915870184324, 6.631690231513135)",True
2026-02-14T11:23:08.677973,beam,random,43,2.237320187188214,0.05724024772644043,"(3.877491916829012, 1.026082732608586)","(5.959657004257837, 0.8449376512206612)",True
2026-02-14T11:23:08.770014,beam,random,43,6.524283184849875,0.08640909194946289,"(7.754044030648447, 5.607805515466435)","(3.309484277866691, 0.9660173641262997)",True
2026-02-14T11:23:08.846946,beam,random,43,2.932261439890504,0.07106542587280273,"(4.673126645708694, 5.828832401668412)","(2.3375803542080655, 4.182380930617949)",True
2026-02-14T11:23:08.935871,beam,random,43,5.647919671140154,0.08321261405944824,"(6.518815090004941, 4.770615841414926)","(3.0284427156125586, 0.6204624439597675)",True
2026-02-14T11:23:08.998295,beam,random,43,5.446574134002812,0.056595802307128906,"(1.7159825627753156, 0.7572551537154899)","(6.703444229357736, 2.8408997632061155)",True
2026-02-14T11:23:09.080110,beam,random,43,6.477792228128182,0.07608795166015625,"(3.836040171525343, 1.2730999724318508)","(2.954282456344428, 7.476479870962198)",True
2026-02-14T11:23:09.130178,beam,random,43,3.4370879341345466,0.04443955421447754,"(0.6531290898011815, 3.631696916911057)","(3.88812419247897, 2.5703327074721054)",True
2026-02-14T11:23:09.169062,beam,random,43,5.588654097049649,0.033316850662231445,"(3.5617048010579513, 0.35796556353461906)","(3.5764889879793067, 5.68139839837645)",True
2026-02-14T11:23:09.258111,beam,random,43,7.467016883496048,0.08326864242553711,"(7.775350878773539, 5.2957699270866865)","(0.7316016188613057, 4.7178480816770225)",True
2026-02-14T11:23:09.321392,beam,random,43,2.838961100710175,0.05762314796447754,"(1.6926480512501403, 6.360605079996508)","(2.80244785782282, 4.019491821145251)",True
2026-02-14T11:23:09.373321,beam,random,43,-1,0.046320199966430664,"(0.706990556893647, 7.707912990236645)","(6.8038855204266575, 3.949541940227153)",False
2026-02-14T11:23:09.444570,beam,random,43,2.4507648072844077,0.07119870185852051,"(3.748932465020677, 4.471622448804825)","(5.5406111798834, 2.837878814372899)",True
2026-02-14T11:23:09.506253,beam,random,43,3.422327672773212,0.056027889251708984,"(1.3877068781185864, 0.3693444616685664)","(2.6143176401982595, 2.846355410499939)",True
2026-02-14T11:23:09.576576,beam,random,43,4.320590677892023,0.06465792655944824,"(3.835097680734359, 5.27182499842307)","(0.6875376940004951, 2.371564894812753)",True
2026-02-14T11:23:09.625138,beam,random,43,2.7923802203519825,0.04296135902404785,"(4.617250955432866, 5.454417091321544)","(7.02088078048634, 4.3132574870680624)",True
2026-02-14T11:23:09.701395,beam,random,43,2.7379712242985996,0.07073760032653809,"(4.2039462653361435, 4.353810205671078)","(4.131351822235061, 7.090818876189253)",True
2026-02-14T11:23:09.761343,beam,random,43,3.827325449207196,0.054373979568481445,"(3.2815551885320504, 6.556174455237732)","(6.657736034903695, 4.753447933119436)",True
2026-02-14T11:23:09.818087,beam,random,43,5.415738733018784,0.05121898651123047,"(1.5873334298858381, 6.202434232899518)","(4.6491993458328755, 2.0157875907855987)",True
2026-02-14T11:23:09.859880,beam,random,43,6.937800161785212,0.03618192672729492,"(2.113375499072629, 0.3521060382910566)","(7.174566934440072, 4.459588270595293)",True
2026-02-14T11:23:09.934165,beam,random,43,3.281862267865023,0.06867218017578125,"(5.624086242123887, 5.7180445593967315)","(3.5682572530065864, 3.4005532183715657)",True
2026-02-14T11:23:09.993091,beam,random,43,4.16382328943766,0.0533907413482666,"(7.263261476034423, 3.259428277267533)","(3.4941150867829025, 4.988523036524824)",True
2026-02-14T11:23:10.108793,beam,random,43,4.534024417796345,0.11015582084655762,"(1.315337283776497, 4.450412790693904)","(4.296359233308489, 7.774477564536649)",True
2026-02-14T11:23:10.165402,beam,random,43,4.15482305759007,0.050909996032714844,"(4.252860511816523, 5.33976787756214)","(0.5618303915639542, 3.550789398270802)",True
2026-02-14T11:23:10.233354,beam,random,43,5.992647562334983,0.06247663497924805,"(6.346515974067644, 1.123845028659038)","(6.487218793170244, 7.014642261186272)",True
2026-02-14T11:23:10.277947,beam,random,43,2.1791956013297815,0.03899574279785156,"(6.478508722789988, 7.4237045094056935)","(4.664564252531491, 6.268010806313329)",True
2026-02-14T11:23:10.364318,beam,random,43,2.493012113075704,0.08084607124328613,"(4.03743212723629, 4.629568198938649)","(1.8852291779356447, 3.425224801777752)",True
2026-02-14T11:23:10.446057,beam,random,43,5.785501932020684,0.0761880874633789,"(5.200792498802549, 2.2595267542663224)","(3.5080264102563987, 7.559220757023179)",True
2026-02-14T11:23:10.516999,beam,random,43,2.957829673495199,0.06531023979187012,"(6.3586231477160275, 0.8224011256056274)","(4.228192569439472, 2.6272055434088557)",True
2026-02-14T11:23:10.559983,beam,random,43,-1,0.03734707832336426,"(0.612872219295614, 7.157792631299473)","(5.641762812469085, 3.3713049617692157)",False
2026-02-14T11:23:10.616342,beam,random,43,7.448685994625442,0.05632328987121582,"(6.106394883782844, 6.380465582065438)","(2.4638335887412524, 0.34738923533818866)",True
2026-02-14T11:23:10.686093,beam,random,43,7.58112790955018,0.06417393684387207,"(5.779085049152708, 5.209969636396184)","(0.5239337835918167, 0.4162067502687199)",True
2026-02-14T11:23:10.759857,beam,random,43,3.8775175410143192,0.06809210777282715,"(3.918913726252466, 6.44754464082783)","(7.54328378151388, 5.246110091700741)",True
2026-02-14T11:23:10.831054,beam,random,43,7.0654041675998585,0.06544065475463867,"(3.4675762773701067, 7.6914026556060335)","(6.038600995526685, 1.313097552792101)",True
2026-02-14T11:23:10.892383,beam,random,43,5.927918883042379,0.055646657943725586,"(1.148632134868909, 5.244106285749646)","(5.728083900781076, 6.157925993249614)",True
2026-02-14T11:23:10.964165,beam,random,43,5.145346409343818,0.06617021560668945,"(1.3033270341255143, 3.9099841061859975)","(4.889260038607923, 1.5148520628284938)",True
2026-02-14T11:23:11.035759,beam,random,43,3.711183172689102,0.06601142883300781,"(2.3054609616941404, 0.7516748892262815)","(5.446735602258231, 2.0161759193448203)",True
2026-02-14T11:23:11.088831,beam,random,43,7.672994042689071,0.04749488830566406,"(7.052479164090498, 5.771797115153285)","(1.0807486502181405, 2.3826512076919224)",True
2026-02-14T11:23:11.184630,beam,random,43,5.45330972127653,0.09021878242492676,"(2.911600123638804, 3.2752787574981106)","(7.481827184619578, 0.403621620465902)",True
2026-02-14T11:23:11.243796,beam,random,43,2.9543608163158583,0.053417205810546875,"(6.47189754896676, 5.002890417335281)","(6.551833621239051, 2.097836286828292)",True
2026-02-14T11:23:11.295544,beam,random,43,4.434568114559635,0.04617714881896973,"(0.6429005023707095, 1.3544726141642984)","(1.390800801600525, 5.548473514873251)",True
2026-02-14T11:23:11.369709,beam,random,43,7.53639659622476,0.06852340698242188,"(5.359763718282426, 0.25395961179147264)","(4.5107771161219805, 7.441129509360152)",True
2026-02-14T11:23:11.409628,beam,random,43,5.5420498962125695,0.03439044952392578,"(1.514032225905952, 5.317145699899626)","(6.596457654828797, 6.061207412974459)",True
2026-02-14T11:23:11.487682,beam,random,43,5.375736265291394,0.0724642276763916,"(3.3557607828626788, 1.9493149372421739)","(4.552881946518565, 7.185246702832509)",True
2026-02-14T11:23:11.529900,beam,random,43,5.6939828764681595,0.0365908145904541,"(1.3122527022709676, 6.741377031432235)","(6.224830635250935, 4.502400125308226)",True
2026-02-14T11:23:11.614358,beam,random,43,5.05446378707681,0.07870864868164062,"(6.8181274331955715, 1.284510731703869)","(2.6300896809831418, 3.9114714724088078)",True
2026-02-14T11:23:11.679371,beam,random,43,5.737054840415558,0.05944347381591797,"(3.1593747592168766, 0.8054161659021286)","(2.538579608950199, 6.214717229067375)",True
2026-02-14T11:23:11.724443,beam,random,43,1.8150066986537192,0.03952956199645996,"(2.7224924883191797, 6.510902748392758)","(0.9384650421416412, 6.176994176056496)",True
2026-02-14T11:23:11.784017,beam,random,43,3.66151147105544,0.05405163764953613,"(4.736966513971178, 2.4605594662648462)","(5.151257271902291, 5.728349438012587)",True
2026-02-14T11:23:11.859681,beam,random,43,7.447001186118893,0.0700993537902832,"(7.678913556865159, 6.448953937860893)","(0.9594452472900281, 4.1587939122098225)",True
2026-02-14T11:23:11.936712,beam,random,43,2.4769033821017334,0.07143926620483398,"(3.579745281976127, 1.552195898164359)","(3.243573815360472, 4.00618022418108)",True
2026-02-14T11:23:12.007814,beam,random,43,2.1780675479426317,0.0655667781829834,"(3.930604685298638, 4.453283099805096)","(4.049805699258209, 6.628085363729445)",True
2026-02-14T11:23:12.044467,beam,random,43,-1,0.031152725219726562,"(0.42756376127484064, 7.643359416400532)","(0.9258470215782211, 0.2894862075750151)",False
2026-02-14T11:23:12.107302,beam,random,43,4.359303955758241,0.06279993057250977,"(7.683787370442387, 6.889034414084157)","(4.681117340802536, 4.389462513130369)",True
2026-02-14T11:23:12.176840,beam,random,43,5.1183682843591045,0.06400108337402344,"(6.465432574296442, 5.495708693427186)","(1.614555401670084, 7.119481084901537)",True
2026-02-14T11:23:12.249305,beam,random,43,5.123727855410474,0.06696629524230957,"(4.15227560942723, 1.5609392502211925)","(4.806321423883595, 6.546031361486476)",True
2026-02-14T11:23:12.330519,beam,random,43,2.200096734393493,0.07519125938415527,"(1.9261583588414215, 4.4657078377936665)","(1.3787762950155384, 6.341076180058104)",True
2026-02-14T11:23:12.413315,beam,random,43,5.089025457047215,0.0770118236541748,"(2.3810501671873254, 7.7581526069793)","(4.563255825772618, 3.171225000903603)",True
2026-02-14T11:23:12.472314,beam,random,43,4.264159811665166,0.05327320098876953,"(6.384278675040999, 4.894053848582772)","(6.487519268306318, 0.6361595158229933)",True
2026-02-14T11:23:12.528203,beam,random,43,5.441352045856443,0.050307512283325195,"(5.81043694970683, 3.0626485010177253)","(0.6048656766371234, 3.8102390399207264)",True
2026-02-14T11:23:12.608705,beam,random,43,5.887160397966815,0.07480096817016602,"(0.4486865815953589, 4.610249335849801)","(6.2593965246766, 3.8453329654334247)",True
2026-02-14T11:23:12.638874,beam,random,43,3.0212887419889776,0.02432084083557129,"(4.056619304295089, 2.3669044617098987)","(5.90164482872393, 0.4633528460323184)",True
2026-02-14T11:23:12.695394,beam,random,43,3.9362541955936488,0.05095648765563965,"(6.783780090632841, 2.092825616395075)","(3.5603486314303714, 3.907945266946692)",True
2026-02-14T11:23:12.746571,beam,random,43,2.5795045333865128,0.04556870460510254,"(1.5311802846672542, 0.30309398278686306)","(3.5558238268547946, 1.8362133811675792)",True
2026-02-14T11:23:12.833099,beam,random,43,4.352456141827597,0.08093404769897461,"(4.28711079001192, 2.8805118725771406)","(0.35482983971576587, 4.742779993395792)",True
2026-02-14T11:23:12.911261,beam,random,43,6.348118840365947,0.07257843017578125,"(6.594019300187698, 1.740843294348231)","(1.085204673325907, 4.840628127002369)",True
2026-02-14T11:23:12.961844,beam,random,43,4.431811236771041,0.04503226280212402,"(4.299398098154214, 1.0504450778809842)","(4.634995605897044, 5.120031902196631)",True
2026-02-14T11:23:13.007267,beam,random,43,5.661952696857805,0.039835214614868164,"(5.9138009551604105, 1.6410591236156815)","(0.9786300479672887, 3.0787164749217224)",True
2026-02-14T11:23:13.064214,beam,random,43,2.7704671614609544,0.051104068756103516,"(3.7742015682376877, 1.7188440331420294)","(1.0373105495014094, 1.289313677830446)",True
2026-02-14T11:23:13.121093,beam,random,43,4.494715740449653,0.05126070976257324,"(6.266052149770125, 3.5140264162983694)","(2.0196762946370646, 2.236700839287754)",True
2026-02-14T11:23:13.201283,beam,random,43,7.533066135783542,0.07460403442382812,"(5.177028121287272, 7.38434207532388)","(4.615795738090173, 0.2637322695260904)",True
2026-02-14T11:23:13.252356,beam,random,43,2.718534177542908,0.04544425010681152,"(4.45157509313613, 3.918975003111492)","(5.589455114293501, 6.1548358143944295)",True
2026-02-14T11:23:13.304092,beam,random,43,2.0563915654930116,0.04625272750854492,"(5.200021221753857, 1.477829027976468)","(6.7415015208952465, 2.5600518959302843)",True
2026-02-14T11:23:13.368785,beam,random,43,2.155522634178415,0.059140920639038086,"(4.0337444933706355, 5.639973415010903)","(6.119995293500532, 5.664838343626741)",True
2026-02-14T11:23:13.413383,beam,random,43,5.786830073983827,0.03917503356933594,"(0.3641881573663879, 2.851628480253847)","(5.619000302743091, 4.462760778494284)",True
2026-02-14T11:23:13.467754,beam,random,43,3.3034988858756114,0.048642635345458984,"(7.5604430594101615, 5.318064274418521)","(7.4100753568005375, 2.2160412162237)",True
2026-02-14T11:23:13.516287,beam,random,43,4.054950213988968,0.043131113052368164,"(6.171026206197362, 1.0865711567860297)","(5.5317546085210845, 5.054121276958614)",True
2026-02-14T11:23:13.571153,beam,random,43,1.8412542594547354,0.04936075210571289,"(5.33731540112494, 6.7157503313998115)","(3.9591255895763897, 5.494762991045706)",True
2026-02-14T11:23:13.659896,beam,random,43,5.154722010232691,0.08326935768127441,"(2.2743919688193515, 3.8388445144039114)","(7.113698675676268, 5.518531128432455)",True
2026-02-14T11:23:13.727452,beam,random,43,3.6927585865931367,0.06197857856750488,"(4.300567820278123, 4.783966450872258)","(5.0361650597911956, 1.284539832085314)",True
2026-02-14T11:23:13.779996,beam,random,43,6.165807405482553,0.04695701599121094,"(6.543995823079238, 3.9907058239728883)","(0.9044222509921012, 5.891182280897988)",True
2026-02-14T11:23:13.855732,beam,random,43,5.3398919854271645,0.07020425796508789,"(3.320302141881948, 2.5834924514831226)","(1.1382999315395868, 6.970321842855331)",True
2026-02-14T11:23:13.956287,beam,random,43,5.912955464682464,0.09493827819824219,"(0.4552947683514015, 5.050934554222106)","(5.5051944420619385, 7.73912247154117)",True
2026-02-14T11:23:15.886192,beam,random,114,7.751398141291085,0.06231379508972168,"(1.2130557374011737, 6.949962245930501)","(7.407070104386086, 3.907305421205149)",True
2026-02-14T11:23:15.944708,beam,random,114,5.738712264229206,0.053031206130981445,"(1.0656376007429182, 4.173552607981756)","(5.76849130771088, 1.6783165063887706)",True
2026-02-14T11:23:16.000714,beam,random,114,6.509384857327738,0.05060076713562012,"(4.912959204891536, 0.6021946883877112)","(0.667259976013848, 5.358895156991725)",True
2026-02-14T11:23:16.070523,beam,random,114,6.603672343850833,0.06436848640441895,"(3.4712792895933466, 1.6409634143696188)","(7.708736536413339, 6.025961808918556)",True
2026-02-14T11:23:16.125414,beam,random,114,2.939838106773169,0.04962301254272461,"(3.6836651316052142, 5.713420632923441)","(6.352355405804723, 5.8878320980179994)",True
2026-02-14T11:23:16.190936,beam,random,114,9.288667169434065,0.06028485298156738,"(7.7797458527702466, 5.825436781988049)","(0.7451531062905934, 1.7353013949682046)",True
2026-02-14T11:23:16.264485,beam,random,114,1.827637572946833,0.0680084228515625,"(3.0045189959250536, 6.763342274935801)","(2.381012027873278, 5.163004784449418)",True
2026-02-14T11:23:16.325286,beam,random,114,3.7071149071407636,0.05513739585876465,"(4.036784824356363, 6.55126076927554)","(4.03136646736839, 2.8441498321714693)",True
2026-02-14T11:23:16.396601,beam,random,114,3.3557404446479966,0.06592440605163574,"(6.962529597718922, 1.4186113793210078)","(3.7367995579430326, 1.1807619783390475)",True
2026-02-14T11:23:16.439333,beam,random,114,2.703802021231202,0.03727316856384277,"(3.7606293530886266, 0.33926161085701345)","(5.766982036991202, 2.0978977152433487)",True
2026-02-14T11:23:16.502456,beam,random,114,1.6540177920113521,0.05765581130981445,"(2.706929456152686, 5.594494137496043)","(2.5116309878312233, 3.952046767232491)",True
2026-02-14T11:23:16.557123,beam,random,114,2.3958189271492087,0.048882246017456055,"(5.447924354697564, 1.7403643941257956)","(3.1349154929062424, 2.291063513189232)",True
2026-02-14T11:23:16.615775,beam,random,114,6.967743634827266,0.05319547653198242,"(2.785307233880534, 0.4306966903619456)","(0.6872009782923838, 6.8189630880426835)",True
2026-02-14T11:23:16.683859,beam,random,114,3.5840304575968305,0.06261873245239258,"(5.133587543067281, 5.795028846925897)","(2.7949481392113347, 3.0797273480479976)",True
2026-02-14T11:23:16.758251,beam,random,114,3.9459460777494275,0.06894636154174805,"(7.765133865637231, 2.816836319927533)","(7.126133795085521, 6.628746850213056)",True
2026-02-14T11:23:16.813840,beam,random,114,6.731361576366037,0.05022168159484863,"(7.047212567829609, 2.3542179856882095)","(2.7352848497193705, 7.006521167254027)",True
2026-02-14T11:23:16.847767,beam,random,114,4.80844113748128,0.028485536575317383,"(6.371118964215027, 4.055162502536974)","(4.084670441280061, 0.4719248190648413)",True
2026-02-14T11:23:16.912461,beam,random,114,3.8329486136630613,0.05927586555480957,"(3.2352108694462434, 6.403091690037265)","(0.5081868641803267, 4.224866418388843)",True
2026-02-14T11:23:16.962355,beam,random,114,3.7981056220677214,0.044483184814453125,"(6.177135062759746, 3.784828787263069)","(3.0324925535134586, 1.7043777837189849)",True
2026-02-14T11:23:17.018219,beam,random,114,3.382154590131715,0.05047130584716797,"(3.5549051895844634, 3.8327902201201356)","(3.573295851474584, 6.715882040627164)",True
2026-02-14T11:23:17.067525,beam,random,114,3.2246294965668225,0.04381418228149414,"(1.229954991476995, 0.26937872998569823)","(2.611243739875876, 2.919876385259717)",True
2026-02-14T11:23:17.129794,beam,random,114,1.7626717534436422,0.05681872367858887,"(3.217404682036922, 3.564494581343749)","(4.379290061129588, 4.890026169694211)",True
2026-02-14T11:23:17.193294,beam,random,114,4.892977349869119,0.05805802345275879,"(1.8207107500091304, 6.911301613414631)","(4.1036046711279655, 2.827773564421883)",True
2026-02-14T11:23:17.257756,beam,random,114,4.2565749450785635,0.05896711349487305,"(1.9959055777100803, 4.240902421626572)","(5.250772930213947, 1.860444195868019)",True
2026-02-14T11:23:17.326343,beam,random,114,5.607133226918457,0.06326413154602051,"(7.678437520145508, 3.356310511985053)","(2.948495758342591, 5.672434682989181)",True
2026-02-14T11:23:17.382099,beam,random,114,3.3825228061759636,0.050435543060302734,"(4.78614388510145, 6.594508062859309)","(7.4538477813181965, 5.9094207712852445)",True
2026-02-14T11:23:17.416581,beam,random,114,4.0368970778873345,0.029209136962890625,"(5.149351053512178, 4.641838864967612)","(7.356730859013426, 6.931277252843114)",True
2026-02-14T11:23:17.463507,beam,random,114,4.469715259286648,0.041776418685913086,"(2.0642639578923747, 6.347162862353806)","(1.7272798866501988, 2.059903328113645)",True
2026-02-14T11:23:17.507574,beam,random,114,2.98737171137547,0.03884315490722656,"(6.028487310474087, 5.740763957691481)","(3.743446297328351, 5.201788305410847)",True
2026-02-14T11:23:17.577406,beam,random,114,6.637793983832983,0.0644986629486084,"(4.288495339984665, 1.770060934557308)","(2.5699953804442277, 7.683066234167583)",True
2026-02-14T11:23:17.630452,beam,random,114,5.784351024838277,0.04764533042907715,"(1.4196781954270161, 6.867659659536189)","(2.117142490986434, 1.7166101803342722)",True
2026-02-14T11:23:17.686905,beam,random,114,5.756950417215094,0.05119800567626953,"(5.103192518063457, 6.777605703106744)","(1.5516145264868175, 2.7254905450831144)",True
2026-02-14T11:23:17.728842,beam,random,114,4.56686630873086,0.03660416603088379,"(1.2195825511137643, 0.3167023142017511)","(3.135010235103807, 4.2911346657769345)",True
2026-02-14T11:23:17.782084,beam,random,114,4.9137184055216565,0.047881364822387695,"(3.7735530942469104, 5.737832747508428)","(0.43313157875056696, 6.845895034482416)",True
2026-02-14T11:23:17.848001,beam,random,114,7.828597350685583,0.0604245662689209,"(0.8819443853560971, 7.261467443795178)","(6.681234439377443, 3.3856519269018177)",True
2026-02-14T11:23:17.924558,beam,random,114,3.53483289341776,0.07086062431335449,"(2.835387881097856, 3.9523551200237153)","(0.5810207831263172, 1.355273437391232)",True
2026-02-14T11:23:18.002385,beam,random,114,5.454114172004009,0.0722966194152832,"(2.7870620681748743, 6.982586559821242)","(4.109128827437788, 1.7097045217342286)",True
2026-02-14T11:23:18.053256,beam,random,114,2.64036558078001,0.045469045639038086,"(2.3045081577784643, 3.0987244348963854)","(4.714919250037972, 2.4950011349807157)",True
2026-02-14T11:23:18.106978,beam,random,114,5.317704237706672,0.04810190200805664,"(5.807229971666782, 0.8258628397906982)","(2.806431096659108, 4.342988378656334)",True
2026-02-14T11:23:18.150669,beam,random,114,6.528222190268074,0.03825664520263672,"(7.395758253130494, 5.673076620140552)","(1.0721461703310942, 5.113513493513221)",True
2026-02-14T11:23:18.221733,beam,random,114,6.102283773416542,0.0653834342956543,"(2.9297490033573226, 1.120812495957221)","(6.09051843581902, 5.9592492630727865)",True
2026-02-14T11:23:18.266617,beam,random,114,2.034608562773092,0.03923630714416504,"(4.655602868541081, 3.371012085242315)","(6.660720881535021, 3.620768047486094)",True
2026-02-14T11:23:18.301718,beam,random,114,7.935462641932265,0.029692411422729492,"(5.455713145718264, 7.7463873538790375)","(7.616220152438431, 0.9488475524432314)",True
2026-02-14T11:23:18.377838,beam,random,114,9.004551159562903,0.06320500373840332,"(6.032783638484152, 0.6816699837033342)","(0.7690684753923165, 7.540754835093308)",True
2026-02-14T11:23:18.430525,beam,random,114,4.113640504152501,0.046947479248046875,"(5.647669164208912, 4.327406027126334)","(1.8198440214023357, 3.028020053392626)",True
2026-02-14T11:23:18.495969,beam,random,114,2.6739972154256852,0.06000018119812012,"(4.346385718075437, 4.862150334590157)","(1.7137641389207197, 5.009347084256087)",True
2026-02-14T11:23:18.556761,beam,random,114,7.749602077341546,0.05533742904663086,"(4.952371750685869, 1.248380871095602)","(1.0410167057193744, 7.638476153526043)",True
2026-02-14T11:23:18.613241,beam,random,114,2.066333709985305,0.050958871841430664,"(4.8064587104328265, 3.5175162817611954)","(2.857442194368706, 3.7807149219430185)",True
2026-02-14T11:23:18.666084,beam,random,114,4.522690259158459,0.04721999168395996,"(5.054775856876888, 1.7894604479370377)","(3.758350714502037, 6.02291929710303)",True
2026-02-14T11:23:18.725109,beam,random,114,3.068514839566408,0.05361509323120117,"(0.40317397977349945, 3.971504999662214)","(2.8237694639074222, 5.68724846558976)",True
2026-02-14T11:23:18.784945,beam,random,114,9.034766667925682,0.054354190826416016,"(1.3558133005244573, 0.42750238009120256)","(5.508958938772216, 7.629447299537724)",True
2026-02-14T11:23:18.808620,beam,random,114,4.151188733405165,0.018187761306762695,"(6.497533215746458, 4.429595485032528)","(5.656990127614138, 0.9014488110046575)",True
2026-02-14T11:23:18.885343,beam,random,114,6.3414098235590135,0.07150912284851074,"(5.401698829150948, 5.3476812182048565)","(0.5344882453047433, 1.5717598079283999)",True
2026-02-14T11:23:18.948102,beam,random,114,6.961535997500295,0.05730438232421875,"(1.0977913085661992, 2.5649182534803456)","(6.114372614504893, 6.751521029200232)",True
2026-02-14T11:23:19.018095,beam,random,114,6.167292965530966,0.06444716453552246,"(2.8868680760542897, 1.764381479843931)","(4.029289262785098, 7.645417495669436)",True
2026-02-14T11:23:19.055652,beam,random,114,5.773417692299929,0.03206586837768555,"(3.227273617706648, 1.2770847546830195)","(6.039530714259827, 4.619052571274324)",True
2026-02-14T11:23:19.105055,beam,random,114,5.459277510084525,0.04421210289001465,"(6.640344213854305, 4.406666369963553)","(2.298347628440631, 4.375070422736565)",True
2026-02-14T11:23:19.172042,beam,random,114,2.466899093275466,0.061737775802612305,"(4.267904658172873, 3.8731010228998146)","(4.96635144920912, 1.6909743730705085)",True
2026-02-14T11:23:19.224037,beam,random,114,6.083508277364562,0.04658985137939453,"(6.62304194636712, 3.8051161213121247)","(1.179558264458576, 5.575647055446954)",True
2026-02-14T11:23:19.296076,beam,random,114,2.4315424897483453,0.06661319732666016,"(2.4364528254760316, 5.238614045661787)","(2.090532613300625, 7.488636451512785)",True
2026-02-14T11:23:19.376772,beam,random,114,6.936789448665052,0.07527446746826172,"(6.850249704543315, 6.755518016282836)","(0.26424504140965244, 5.1450175469220625)",True
2026-02-14T11:23:19.441173,beam,random,114,4.898975694806621,0.059073448181152344,"(1.0315123810206188, 3.089909478129809)","(5.685151418733668, 4.264802984327017)",True
2026-02-14T11:23:19.507078,beam,random,114,4.122033540033593,0.06034135818481445,"(6.055055442724416, 5.917880430643711)","(1.9994751030020463, 6.094696677495662)",True
2026-02-14T11:23:19.566657,beam,random,114,7.140364752440234,0.05415844917297363,"(5.8447071741518375, 0.9243703245664516)","(1.9634847463065208, 6.454112920411594)",True
2026-02-14T11:23:19.629889,beam,random,114,4.398843419588617,0.058001041412353516,"(4.214549653761011, 6.549488919101107)","(6.595522219892005, 3.410353819186999)",True
2026-02-14T11:23:19.690009,beam,random,114,5.569684670256373,0.054877281188964844,"(1.1249532998747167, 1.829230414111442)","(5.246176596476681, 5.068358883143664)",True
2026-02-14T11:23:19.759720,beam,random,114,2.9592859265347196,0.06424641609191895,"(2.655010890114367, 3.056065789548465)","(2.0664650182843074, 5.938441019306749)",True
2026-02-14T11:23:19.818703,beam,random,114,3.5663555041449744,0.053572654724121094,"(3.487038879118824, 7.288124786522802)","(6.10070391867557, 4.875265725021512)",True
2026-02-14T11:23:19.882052,beam,random,114,3.706621350839365,0.05807209014892578,"(2.215289865593917, 1.0717269121051496)","(2.6876975050430714, 4.362492681035843)",True
2026-02-14T11:23:19.950311,beam,random,114,6.531324371817281,0.06289982795715332,"(6.2848970502685875, 7.30682642671935)","(2.3707285646990703, 2.436607636914677)",True
2026-02-14T11:23:20.002526,beam,random,114,6.158746233502531,0.046736717224121094,"(7.181370335893224, 4.7510659746686414)","(3.0395264690005472, 0.45360915705522586)",True
2026-02-14T11:23:20.065150,beam,random,114,3.7828637794215325,0.05713510513305664,"(6.020096015528441, 0.7425539370378074)","(7.418655761257262, 4.105001882137759)",True
2026-02-14T11:23:20.115446,beam,random,114,7.179815067839431,0.044713497161865234,"(7.399453049119341, 1.7787432691007323)","(3.2942397751982035, 7.264593699866062)",True
2026-02-14T11:23:20.183201,beam,random,114,4.03269628762509,0.06224822998046875,"(4.1359873131098395, 5.506304914189041)","(7.2262231997326944, 3.231890360072205)",True
2026-02-14T11:23:20.248492,beam,random,114,7.155063440821394,0.05971240997314453,"(0.48159371512572946, 0.2999457956119347)","(6.709339572166534, 3.0798655715222525)",True
2026-02-14T11:23:20.284730,beam,random,114,2.5498253361896674,0.030719995498657227,"(5.5679228641946725, 0.7073111719361567)","(5.238032461018105, 2.7955330552829727)",True
2026-02-14T11:23:20.346436,beam,random,114,5.1506715355598205,0.05629086494445801,"(4.083687482675392, 6.761485821635212)","(5.51777594424673, 1.921905235429155)",True
2026-02-14T11:23:20.411559,beam,random,114,5.389554447804702,0.0598149299621582,"(4.630016695280714, 6.466986254148076)","(5.159180032657054, 1.3381111041857068)",True
2026-02-14T11:23:20.461830,beam,random,114,2.440781412797392,0.04470634460449219,"(1.2303132053806847, 7.6158536648279185)","(3.6059713670352673, 7.1645776547675055)",True
2026-02-14T11:23:20.518430,beam,random,114,3.377476536983532,0.05113577842712402,"(6.859436672128845, 5.298131712480085)","(3.8652217744810873, 4.24831744075568)",True
2026-02-14T11:23:20.586882,beam,random,114,3.0562416188188326,0.06300878524780273,"(4.550182687528502, 1.8946169791269938)","(2.5860590091089355, 4.089457215032645)",True
2026-02-14T11:23:20.639296,beam,random,114,1.9503170769180955,0.04698038101196289,"(3.4829964874344554, 2.8087583358609676)","(2.3201308984326756, 4.37447866737912)",True
2026-02-14T11:23:20.695643,beam,random,114,4.452358856181364,0.05085182189941406,"(6.029149610791113, 4.878958590056133)","(3.7424963582772612, 2.2594059902321177)",True
2026-02-14T11:23:20.751011,beam,random,114,3.9330086876684724,0.04996752738952637,"(5.8506237824476655, 0.7783053468731511)","(2.9399492854912115, 3.1642014757179844)",True
2026-02-14T11:23:20.835619,beam,random,114,7.250889325326786,0.0792074203491211,"(0.46488951262436284, 3.3714190129068475)","(6.825728401133237, 6.608522718110423)",True
2026-02-14T11:23:20.907222,beam,random,114,3.4240742861403635,0.06604981422424316,"(5.561763817574438, 6.500441421731484)","(2.1439829163794473, 6.707946631635956)",True
2026-02-14T11:23:20.963353,beam,random,114,5.175808530313298,0.05069398880004883,"(5.282460341584516, 4.2378347979806446)","(0.9571223446844472, 6.727767826105467)",True
2026-02-14T11:23:21.028104,beam,random,114,6.680068275836949,0.059206247329711914,"(1.2457646325439962, 5.360894733446102)","(7.5860380309173765, 6.853330212108784)",True
2026-02-14T11:23:21.103135,beam,random,114,2.555653991671619,0.06943178176879883,"(2.0694610924674146, 7.644420768918852)","(0.5960831291123228, 5.905175327283648)",True
2026-02-14T11:23:21.179692,beam,random,114,2.5319739466916658,0.07084226608276367,"(3.9847628401458426, 5.3315632684815135)","(1.8957118152743293, 5.941661495672614)",True
2026-02-14T11:23:21.214443,beam,random,114,4.970246982772299,0.02930283546447754,"(4.483277331569209, 7.235593284671833)","(6.590122660308459, 3.816376666401494)",True
2026-02-14T11:23:21.282669,beam,random,114,6.086109417282322,0.06277942657470703,"(7.493932832186235, 1.968687523216226)","(1.8935705050867346, 0.39918828846557375)",True
2026-02-14T11:23:21.327042,beam,random,114,3.0996259666495325,0.03903985023498535,"(1.3791424062142372, 3.9364037447679108)","(4.1837639389908565, 4.327449380056301)",True
2026-02-14T11:23:21.379645,beam,random,114,2.9776070255374814,0.04739856719970703,"(2.712971735165498, 1.0531668775089615)","(4.303617077511626, 3.549974610139116)",True
2026-02-14T11:23:21.447697,beam,random,114,2.7133394945288316,0.06267690658569336,"(0.413615040867211, 5.285701745970146)","(2.915112620726096, 4.375916345625784)",True
2026-02-14T11:23:21.504116,beam,random,114,4.327843309933518,0.05113577842712402,"(4.413976887977159, 2.064581572566307)","(1.6667477685902963, 5.322564237729925)",True
2026-02-14T11:23:21.567375,beam,random,114,2.3868934504836865,0.05789661407470703,"(6.313771409367355, 7.0359479303156665)","(4.920493219719121, 5.200543499955451)",True
2026-02-14T11:23:21.628907,beam,random,114,8.330857941399374,0.05609321594238281,"(1.0339733714177823, 7.589969696819088)","(4.755470139291891, 0.41418652821701407)",True
2026-02-14T11:23:21.694537,beam,random,114,5.744434376451724,0.0601344108581543,"(3.5823094680160006, 2.9445374361704273)","(0.43425077218004215, 7.5819103363271)",True
2026-02-14T11:23:21.749565,beam,random,114,7.685278877063988,0.0495603084564209,"(2.4357134533544977, 1.3313101627600554)","(7.375020589371599, 5.663330108945508)",True
2026-02-14T11:23:23.533904,beam,random,520,1.975963375810759,0.035833120346069336,"(3.535352085915343, 1.6612861574803146)","(5.242581998153053, 2.4984248201710386)",True
2026-02-14T11:23:23.597378,beam,random,520,1.7978054542019022,0.05821585655212402,"(0.47690089041590955, 2.990819551217135)","(1.6387467142918153, 1.6664319549452573)",True
2026-02-14T11:23:23.661249,beam,random,520,4.621645148013933,0.058595895767211914,"(0.22718962566007406, 3.7189358460261515)","(4.6920163518050355, 4.763375890938697)",True
2026-02-14T11:23:23.714283,beam,random,520,2.079735593705136,0.04801368713378906,"(1.724917439969711, 3.504905657846874)","(2.2319123757029296, 1.6826849160220796)",True
2026-02-14T11:23:23.754691,beam,random,520,2.365963654687523,0.03539848327636719,"(7.673862926598818, 3.2296302826644725)","(6.453215320706962, 1.379950497580511)",True
2026-02-14T11:23:23.796812,beam,random,520,3.0917960784531036,0.03710150718688965,"(2.715065165530368, 0.6770163890054839)","(2.1108151077672392, 3.1290443785582545)",True
2026-02-14T11:23:23.837374,beam,random,520,3.3323772540893524,0.03540682792663574,"(4.008826469947541, 3.587088941792179)","(4.130399349862902, 0.5788949115996873)",True
2026-02-14T11:23:23.892573,beam,random,520,6.131814464177752,0.050341129302978516,"(2.317752156033637, 6.003477666874549)","(5.646610052552731, 1.5268352303336998)",True
2026-02-14T11:23:23.968634,beam,random,520,6.265640810630014,0.07084441184997559,"(0.22207316711958658, 3.261272275757105)","(5.2353887447751495, 6.977451697151769)",True
2026-02-14T11:23:24.028854,beam,random,520,1.6096934827152727,0.055123329162597656,"(5.599379675881388, 6.921727205576632)","(4.005404209368476, 6.697330674132714)",True
2026-02-14T11:23:24.097311,beam,random,520,6.034387464381943,0.06340980529785156,"(6.790377557118126, 0.3624496699409203)","(4.6540151119347195, 5.9247465632206)",True
2026-02-14T11:23:24.134049,beam,random,520,3.382967013534603,0.03150033950805664,"(4.859749217922069, 3.774106600056289)","(4.350813065024804, 0.5450919913554495)",True
2026-02-14T11:23:24.196183,beam,random,520,5.618919751235115,0.056954383850097656,"(2.3183212418143304, 6.2123383428281045)","(5.2828938493519475, 1.531470770555206)",True
2026-02-14T11:23:24.230159,beam,random,520,2.589509142724002,0.028708457946777344,"(7.650460039348916, 2.0642976526258074)","(6.185667479918513, 1.1627573414265946)",True
2026-02-14T11:23:24.278694,beam,random,520,2.5458192801039043,0.043341636657714844,"(6.279246519048415, 7.783849143152036)","(5.063157025172916, 5.553348467488454)",True
2026-02-14T11:23:24.334926,beam,random,520,5.55374293107063,0.05100893974304199,"(3.376938983763008, 5.472522523953347)","(7.332761502069344, 1.6937949080699273)",True
2026-02-14T11:23:24.407888,beam,random,520,4.456458633497542,0.06773853302001953,"(5.405479938693523, 7.231938387299402)","(6.487010930631172, 3.215003068893796)",True
2026-02-14T11:23:24.453905,beam,random,520,5.924559397263044,0.04071950912475586,"(5.593502561663922, 5.258469019877078)","(0.5530050489801912, 7.703339944620364)",True
2026-02-14T11:23:24.502663,beam,random,520,2.7438652636110703,0.043482303619384766,"(4.662786998392077, 5.818726873399694)","(6.327671415350725, 4.593768445200822)",True
2026-02-14T11:23:24.540798,beam,random,520,-1,0.03287363052368164,"(7.2429649515657, 7.643606880846244)","(7.721946520563834, 1.0773233195781424)",False
2026-02-14T11:23:24.588927,beam,random,520,4.5282770057231385,0.04808759689331055,"(1.8651771437706763, 7.2331658216490915)","(5.439554410550811, 5.231238047834015)",True
2026-02-14T11:23:24.646354,beam,random,520,6.193492994789933,0.05218863487243652,"(1.6713980345893482, 1.1638255076463366)","(5.617659074700349, 4.828891837456916)",True
2026-02-14T11:23:24.703320,beam,random,520,4.972665561705703,0.05169486999511719,"(3.877091797489739, 3.5500509807153735)","(6.946746251520126, 6.6668345613083355)",True
2026-02-14T11:23:24.742172,beam,random,520,3.2089276186490445,0.033553361892700195,"(5.147683746472588, 2.517584587444606)","(6.6508446763251605, 4.710134452915623)",True
2026-02-14T11:23:24.795654,beam,random,520,3.299322346124611,0.04816842079162598,"(3.9670802222827914, 0.877551657328743)","(2.571214573999674, 3.6331043709321333)",True
2026-02-14T11:23:24.840790,beam,random,520,3.988422642474454,0.039868831634521484,"(4.497506463459405, 4.906902288777008)","(6.869530501666281, 1.7732164319234718)",True
2026-02-14T11:23:24.896227,beam,random,520,4.6159732857496,0.05019831657409668,"(4.076855407526908, 2.248449677561064)","(6.541077755310627, 5.704968779545193)",True
2026-02-14T11:23:24.968800,beam,random,520,8.291023198727256,0.06728124618530273,"(7.7831631817878755, 6.025314882130808)","(0.5390550494111688, 2.898487166774397)",True
2026-02-14T11:23:25.027430,beam,random,520,7.088429368178016,0.0533909797668457,"(0.5310896672247054, 2.3997862400937597)","(6.8594421660331655, 4.003898595182073)",True
2026-02-14T11:23:25.090903,beam,random,520,4.541555363200942,0.05811595916748047,"(1.4560156775425535, 4.3426553773397805)","(5.709515845372983, 4.960986077104692)",True
2026-02-14T11:23:25.149808,beam,random,520,4.375139255068186,0.05370211601257324,"(4.303545390131153, 5.5142112146508095)","(6.962966955209028, 2.5067469379475114)",True
2026-02-14T11:23:25.208756,beam,random,520,4.855931505758823,0.053746700286865234,"(6.486394956775909, 6.153472293521694)","(2.9092443621553565, 4.339724594729747)",True
2026-02-14T11:23:25.272106,beam,random,520,2.895928857082708,0.057997941970825195,"(0.6320301696355495, 1.9097572203345656)","(1.4218401530801286, 4.613031574747489)",True
2026-02-14T11:23:25.308579,beam,random,520,4.5709198881340996,0.03119492530822754,"(7.206472657533252, 4.157397297534416)","(4.531034186839598, 0.5416565211282975)",True
2026-02-14T11:23:25.383268,beam,random,520,7.317084653832889,0.06941461563110352,"(0.2971564876276469, 2.929841860430189)","(6.3651665185604145, 5.771570534140855)",True
2026-02-14T11:23:25.447230,beam,random,520,4.290763130600425,0.0587458610534668,"(4.954526848636369, 1.080671937044774)","(7.583297438438449, 3.4089326203988906)",True
2026-02-14T11:23:25.528597,beam,random,520,4.851613314086141,0.07609915733337402,"(2.287142562861632, 6.214921455055688)","(7.102487023728847, 6.483425488029224)",True
2026-02-14T11:23:25.585262,beam,random,520,5.812601965435995,0.051434993743896484,"(5.983254219572773, 6.30812361476502)","(1.4443228985486556, 2.7538461664934957)",True
2026-02-14T11:23:25.659119,beam,random,520,7.785905715902497,0.06853842735290527,"(7.64280853411138, 6.705937304876528)","(0.5098927639204511, 7.063904801638494)",True
2026-02-14T11:23:25.726517,beam,random,520,3.7310766213940707,0.062125444412231445,"(0.23388539207751968, 4.147983345850858)","(1.9704437857230275, 7.243261158717151)",True
2026-02-14T11:23:25.784527,beam,random,520,5.251533754909654,0.05260467529296875,"(2.680745942425297, 2.178079414627124)","(4.129891523442644, 6.968774208663652)",True
2026-02-14T11:23:25.871305,beam,random,520,2.755712467509161,0.08154439926147461,"(2.938636081958835, 7.658813053326392)","(5.654408238765413, 7.304270931523096)",True
2026-02-14T11:23:25.927028,beam,random,520,2.6185489552066583,0.05030107498168945,"(5.316952684257093, 4.563601215705996)","(7.129590737110887, 6.402784358144899)",True
2026-02-14T11:23:25.983284,beam,random,520,2.884131926970401,0.05101776123046875,"(1.5966644198770066, 3.5643563661667015)","(2.7102227988758365, 0.9873737722084215)",True
2026-02-14T11:23:26.052618,beam,random,520,8.015424041993464,0.06402993202209473,"(7.527182809089343, 2.8125729506298516)","(2.4390810019566684, 7.44696725621308)",True
2026-02-14T11:23:26.102534,beam,random,520,6.210748044784576,0.04461359977722168,"(0.8249414429958009, 3.4279794524392173)","(6.037318800827626, 6.161957945369272)",True
2026-02-14T11:23:26.151109,beam,random,520,4.139565924274211,0.04298210144042969,"(4.544746544309971, 6.561588939636127)","(3.6693205921188277, 2.661657444671752)",True
2026-02-14T11:23:26.197518,beam,random,520,6.634416488598032,0.04114794731140137,"(0.42605767661662064, 1.7601772684940693)","(6.840112104506813, 1.8221644531667414)",True
2026-02-14T11:23:26.222257,beam,random,520,1.8225898789022812,0.019456863403320312,"(0.8486209322626577, 1.7431356754838587)","(0.853630985264016, 3.4293660094967704)",True
2026-02-14T11:23:26.276698,beam,random,520,5.585848047685436,0.049285173416137695,"(2.2763105810929893, 5.911545385436233)","(3.1872845658986986, 0.7394300819371882)",True
2026-02-14T11:23:26.342503,beam,random,520,5.368723388644506,0.060503244400024414,"(6.517769480318409, 1.8700809933127376)","(1.4527582586908183, 2.440411265414559)",True
2026-02-14T11:23:26.396220,beam,random,520,5.380754583840374,0.0484464168548584,"(0.812083631288572, 5.411608202422561)","(5.406476021230184, 3.706477387064835)",True
2026-02-14T11:23:26.447162,beam,random,520,2.6058423758544267,0.04570627212524414,"(6.371346870417632, 4.785934163246397)","(6.857903834749825, 7.023327261511581)",True
2026-02-14T11:23:26.505232,beam,random,520,2.43822017475782,0.05275440216064453,"(4.457231030052103, 3.502452784275076)","(2.0419788179693876, 3.836006606576613)",True
2026-02-14T11:23:26.569627,beam,random,520,5.200403708463618,0.05864143371582031,"(7.426718570912376, 1.0090603309040782)","(4.078225155300511, 4.945545964028252)",True
2026-02-14T11:23:26.623961,beam,random,520,5.2730229401003355,0.04879903793334961,"(6.720414341902541, 6.9315332077691005)","(2.6169446588252008, 4.379953817474904)",True
2026-02-14T11:23:26.694230,beam,random,520,8.516475092630168,0.06496095657348633,"(0.5573568093435144, 7.194746092690923)","(4.51448064700599, 0.9096137573875867)",True
2026-02-14T11:23:26.762210,beam,random,520,6.944709781091485,0.06281042098999023,"(7.127641834816561, 4.030069439689906)","(1.4526907829859281, 7.56513961566835)",True
2026-02-14T11:23:26.814326,beam,random,520,3.0378312326852503,0.04694557189941406,"(4.692288925925637, 4.394733968248836)","(4.75186117778473, 1.5257532550358448)",True
2026-02-14T11:23:26.856185,beam,random,520,4.088101336145,0.03676867485046387,"(4.117243171750033, 0.6211918859602106)","(4.87964683735565, 4.491737989504254)",True
2026-02-14T11:23:26.920916,beam,random,520,3.933362283387675,0.059795379638671875,"(4.74590024695137, 7.752331133712585)","(3.6559638786951876, 4.081012459741463)",True
2026-02-14T11:23:26.983266,beam,random,520,6.86074921584911,0.057206153869628906,"(5.328282069481598, 2.5419955690284812)","(1.0686963601496915, 7.608522458086445)",True
2026-02-14T11:23:27.046012,beam,random,520,5.370413135223327,0.057433128356933594,"(5.551249740482813, 5.874803756045977)","(4.945187807585542, 0.7528859918282249)",True
2026-02-14T11:23:27.115883,beam,random,520,1.9151133786284276,0.06425237655639648,"(2.6241039624118887, 5.60249559829702)","(3.2399917797198725, 7.39279829960412)",True
2026-02-14T11:23:27.156559,beam,random,520,5.3587301177277125,0.03530263900756836,"(1.0788965146158427, 0.8742731986802834)","(6.245852210074119, 1.1323483000195962)",True
2026-02-14T11:23:27.207917,beam,random,520,7.292656576273724,0.04595470428466797,"(3.12993241850619, 0.7059441561888979)","(7.458300126606837, 5.769283540100465)",True
2026-02-14T11:23:27.281851,beam,random,520,7.734274043909165,0.06832695007324219,"(6.953650544760558, 1.095503945223263)","(2.298124936524138, 7.209188591065011)",True
2026-02-14T11:23:27.335383,beam,random,520,3.9265114247300037,0.04823708534240723,"(2.4396002647025252, 0.4442868163280096)","(2.61886157031912, 4.295630501734191)",True
2026-02-14T11:23:27.400227,beam,random,520,5.474706793467851,0.05959653854370117,"(0.45142253834806656, 2.2906451601086877)","(4.111325486221035, 5.93070988200902)",True
2026-02-14T11:23:27.470527,beam,random,520,4.521739434598053,0.06511735916137695,"(3.237153953349864, 0.8200758663777927)","(7.480436072650748, 0.39176591227880575)",True
2026-02-14T11:23:27.511828,beam,random,520,3.452439640780371,0.03624224662780762,"(3.567237056527574, 0.9356549728642536)","(6.710080397271329, 1.6344948798400436)",True
2026-02-14T11:23:27.554679,beam,random,520,2.8100442098749037,0.03763580322265625,"(3.9921162574792914, 6.540768805208795)","(3.528761644856723, 3.9034988675502778)",True
2026-02-14T11:23:27.595521,beam,random,520,5.702191783264397,0.03562188148498535,"(2.819620154060096, 3.245263791558191)","(4.192784052396384, 7.230171264653685)",True
2026-02-14T11:23:27.652625,beam,random,520,6.314961886383935,0.05182528495788574,"(1.964372159978331, 1.988937970433617)","(4.739966621029534, 6.8975335586909114)",True
2026-02-14T11:23:27.719617,beam,random,520,6.366466506862149,0.061705827713012695,"(7.108809715096896, 2.2507752309648357)","(0.8697089415090451, 1.0869684245145308)",True
2026-02-14T11:23:27.769188,beam,random,520,2.960220324265924,0.044322967529296875,"(7.329000373493022, 4.089404808594828)","(6.807550334235464, 1.8194089170623498)",True
2026-02-14T11:23:27.854784,beam,random,520,8.340883623562114,0.08036684989929199,"(3.4579265906002323, 0.4833330558600242)","(0.606831304618149, 7.4750797010218335)",True
2026-02-14T11:23:27.899738,beam,random,520,2.3578099543581796,0.03963136672973633,"(1.291058960621207, 5.430890451020523)","(0.5643399380900656, 7.666770422903649)",True
2026-02-14T11:23:27.963628,beam,random,520,5.59093436972226,0.058656930923461914,"(3.4523276801740366, 6.470628005243522)","(5.3651242386708535, 1.5973520051735939)",True
2026-02-14T11:23:28.024418,beam,random,520,1.7903804537881527,0.05557060241699219,"(5.762104756196666, 0.22588086803623675)","(7.506597028884177, 0.6112171615537738)",True
2026-02-14T11:23:28.061856,beam,random,520,3.0560985825980644,0.03213763236999512,"(2.113149686850625, 5.367816593882238)","(0.9351082824667207, 3.1025281820969965)",True
2026-02-14T11:23:28.111116,beam,random,520,5.23479059831726,0.04404497146606445,"(5.772172845329373, 4.097621744055488)","(1.4874946923498946, 2.120403662484587)",True
2026-02-14T11:23:28.173468,beam,random,520,4.360038469096263,0.056917667388916016,"(3.9360401711463, 4.970152963616501)","(7.448924496195211, 7.272708653950663)",True
2026-02-14T11:23:28.219005,beam,random,520,2.184018526869063,0.040360212326049805,"(1.8378313232672703, 0.6972507955491309)","(1.8143416223506748, 2.8759447022291766)",True
2026-02-14T11:23:28.265501,beam,random,520,2.655720397459809,0.04121875762939453,"(0.9386054910602972, 0.7151851712150759)","(3.2774936287734278, 1.079719219233481)",True
2026-02-14T11:23:28.320901,beam,random,520,4.39013497066368,0.05011796951293945,"(6.362888579461969, 0.4777844423778941)","(6.840078365135476, 4.087603903022807)",True
2026-02-14T11:23:28.382407,beam,random,520,3.6457492825327407,0.056160688400268555,"(2.888113734674431, 5.112403045407123)","(0.7443610389978197, 2.4062398507441882)",True
2026-02-14T11:23:28.444133,beam,random,520,5.640282293952289,0.05640006065368652,"(3.3907427237614503, 0.9557434921943395)","(3.2525529498653087, 6.16709229310418)",True
2026-02-14T11:23:28.490422,beam,random,520,3.85731446478084,0.04099130630493164,"(5.720433509525731, 4.467321761092807)","(2.086772893216378, 5.646955783589358)",True
2026-02-14T11:23:28.563381,beam,random,520,5.952566141016388,0.06772732734680176,"(2.1466176099452268, 1.6643195256291534)","(2.039347010760064, 7.381001854877011)",True
2026-02-14T11:23:28.622373,beam,random,520,5.173788999794996,0.05371832847595215,"(1.915490564977694, 7.339442586166955)","(5.321468529005053, 4.379844608017946)",True
2026-02-14T11:23:28.665075,beam,random,520,6.421345334502748,0.037468671798706055,"(4.221420517485891, 7.636719314128628)","(6.196851952412816, 1.8911182675197251)",True
2026-02-14T11:23:28.726023,beam,random,520,3.5669482996255955,0.05570054054260254,"(7.000249049471324, 3.874492437471951)","(5.622506743091646, 7.033305821079822)",True
2026-02-14T11:23:28.793800,beam,random,520,5.132721091739678,0.06256675720214844,"(4.442050103195819, 4.209447161572335)","(0.7430889697521623, 1.024824881802835)",True
2026-02-14T11:23:28.858234,beam,random,520,2.314003317819791,0.059195756912231445,"(3.340063814706646, 4.503849908871258)","(1.3063878488803926, 3.9529551644870295)",True
2026-02-14T11:23:28.907217,beam,random,520,2.86095604637207,0.04372286796569824,"(7.462705658851039, 7.323650428514194)","(5.272397533522295, 5.701340322351988)",True
2026-02-14T11:23:28.939024,beam,random,520,3.9265460645410033,0.02652883529663086,"(6.346482516652661, 4.8219903480777555)","(7.424470353619246, 1.9601210299724157)",True
2026-02-14T11:23:29.010749,beam,random,520,2.433877145491238,0.06652641296386719,"(5.883998559319113, 1.8551073068349622)","(7.259023066420543, 0.2288639752146162)",True
2026-02-14T11:23:29.064849,beam,random,520,1.903935267420295,0.04880475997924805,"(2.167092889759406, 5.290365211549033)","(0.3186994132668177, 5.292383167579093)",True
2026-02-14T11:23:29.107310,beam,random,520,7.280134141087052,0.037232398986816406,"(1.2466210306751515, 5.1205751507515425)","(6.9924556977653705, 1.848208331671941)",True
2026-02-14T11:23:32.930250,spars,random,43,2.679193731148594,0.13333630561828613,"(0.9204365311182316, 4.872532314235851)","(2.6171124464891182, 6.873099927588782)",True
2026-02-14T11:23:32.994095,spars,random,43,2.9941567571993204,0.05938553810119629,"(0.2321105953948832, 5.869986370242263)","(3.159600147448047, 6.416376949029332)",True
2026-02-14T11:23:33.097000,spars,random,43,4.0149149929761725,0.09852194786071777,"(6.933189127193602, 1.7682319670749704)","(3.2399155843780774, 2.5287717681456696)",True
2026-02-14T11:23:33.202801,spars,random,43,2.335433973899021,0.10130429267883301,"(3.083015315161105, 7.635905000869322)","(3.566066886717751, 5.357797213774462)",True
2026-02-14T11:23:33.262817,spars,random,43,5.762140255565049,0.05556941032409668,"(0.6600003975772433, 7.176788639852274)","(2.3840280055101015, 2.0984385807710515)",True
2026-02-14T11:23:33.370557,spars,random,43,4.834885558390895,0.10334277153015137,"(3.8047709360580253, 5.090989420572181)","(0.8321515988381032, 1.447316762063208)",True
2026-02-14T11:23:33.500093,spars,random,43,2.52789605537017,0.1250762939453125,"(7.624321767893933, 3.2956238670908693)","(6.920136964857454, 5.377418235809409)",True
2026-02-14T11:23:33.601898,spars,random,43,2.212959176687129,0.09747838973999023,"(5.03028636705729, 2.204470213191617)","(7.173978157926901, 1.6551309707469217)",True
2026-02-14T11:23:33.707303,spars,random,43,2.6979988789069247,0.10110664367675781,"(5.815903935743908, 3.193575087232598)","(5.361161317619055, 5.6377248630443315)",True
2026-02-14T11:23:33.798883,spars,random,43,4.409790124530778,0.08712077140808105,"(4.876478970072366, 4.320275713453248)","(1.6486548073064142, 1.5932918129816152)",True
2026-02-14T11:23:33.894406,spars,random,43,2.1310983737331606,0.09106755256652832,"(1.1558270273826299, 3.231653335843756)","(2.482156214756718, 1.947184130247698)",True
2026-02-14T11:23:33.994934,spars,random,43,4.063343508814851,0.09617161750793457,"(4.704832341267009, 1.9627460237068783)","(5.982164894342905, 5.761173182833783)",True
2026-02-14T11:23:34.064756,spars,random,43,4.836639385955637,0.06554698944091797,"(7.549139425474329, 4.026717063142255)","(4.755593494547446, 7.723268653418106)",True
2026-02-14T11:23:34.158937,spars,random,43,7.993570552303269,0.08982586860656738,"(0.5097645465385163, 4.5569951915444715)","(7.634555865568307, 5.918910558427793)",True
2026-02-14T11:23:34.242702,spars,random,43,4.675008976453995,0.0792853832244873,"(7.087195964382987, 2.040370242678372)","(3.5465015578318724, 4.935495806567161)",True
2026-02-14T11:23:34.355409,spars,random,43,6.742777553518602,0.10823440551757812,"(0.3576352194859753, 2.493019754473206)","(6.0163174909282, 5.723992692224518)",True
2026-02-14T11:23:34.423311,spars,random,43,6.112629471090834,0.06354188919067383,"(7.532433950066536, 6.215162933670156)","(1.7218281198974896, 7.239769445066004)",True
2026-02-14T11:23:34.493176,spars,random,43,3.2145420935929874,0.06550073623657227,"(4.418113176091229, 6.75918310061485)","(7.379915870184324, 6.631690231513135)",True
2026-02-14T11:23:34.594875,spars,random,43,2.1994628544416,0.09736061096191406,"(3.877491916829012, 1.026082732608586)","(5.959657004257837, 0.8449376512206612)",True
2026-02-14T11:23:34.739537,spars,random,43,6.53366895508886,0.14040422439575195,"(7.754044030648447, 5.607805515466435)","(3.309484277866691, 0.9660173641262997)",True
2026-02-14T11:23:34.870939,spars,random,43,2.938555010229426,0.12703490257263184,"(4.673126645708694, 5.828832401668412)","(2.3375803542080655, 4.182380930617949)",True
2026-02-14T11:23:35.011613,spars,random,43,5.463963841118745,0.136322021484375,"(6.518815090004941, 4.770615841414926)","(3.0284427156125586, 0.6204624439597675)",True
2026-02-14T11:23:35.112160,spars,random,43,5.444244319329878,0.0961766242980957,"(1.7159825627753156, 0.7572551537154899)","(6.703444229357736, 2.8408997632061155)",True
2026-02-14T11:23:35.242976,spars,random,43,6.566968147655691,0.12636971473693848,"(3.836040171525343, 1.2730999724318508)","(2.954282456344428, 7.476479870962198)",True
2026-02-14T11:23:35.320839,spars,random,43,3.428958293239136,0.07349205017089844,"(0.6531290898011815, 3.631696916911057)","(3.88812419247897, 2.5703327074721054)",True
2026-02-14T11:23:35.381419,spars,random,43,5.825793544972193,0.05616879463195801,"(3.5617048010579513, 0.35796556353461906)","(3.5764889879793067, 5.68139839837645)",True
2026-02-14T11:23:35.520902,spars,random,43,7.488856896307946,0.13515233993530273,"(7.775350878773539, 5.2957699270866865)","(0.7316016188613057, 4.7178480816770225)",True
2026-02-14T11:23:35.626412,spars,random,43,2.7252904031985787,0.1009683609008789,"(1.6926480512501403, 6.360605079996508)","(2.80244785782282, 4.019491821145251)",True
2026-02-14T11:23:35.715806,spars,random,43,8.111359781037427,0.08498167991638184,"(0.706990556893647, 7.707912990236645)","(6.8038855204266575, 3.949541940227153)",True
2026-02-14T11:23:35.832163,spars,random,43,2.442556299898315,0.11193323135375977,"(3.748932465020677, 4.471622448804825)","(5.5406111798834, 2.837878814372899)",True
2026-02-14T11:23:35.935717,spars,random,43,3.126000549111673,0.09919214248657227,"(1.3877068781185864, 0.3693444616685664)","(2.6143176401982595, 2.846355410499939)",True
2026-02-14T11:23:36.044233,spars,random,43,4.478791408383542,0.10414886474609375,"(3.835097680734359, 5.27182499842307)","(0.6875376940004951, 2.371564894812753)",True
2026-02-14T11:23:36.125357,spars,random,43,2.7923802203519825,0.07671833038330078,"(4.617250955432866, 5.454417091321544)","(7.02088078048634, 4.3132574870680624)",True
2026-02-14T11:23:36.255008,spars,random,43,2.7379723013980537,0.1251828670501709,"(4.2039462653361435, 4.353810205671078)","(4.131351822235061, 7.090818876189253)",True
2026-02-14T11:23:36.360442,spars,random,43,3.827325449207196,0.1010434627532959,"(3.2815551885320504, 6.556174455237732)","(6.657736034903695, 4.753447933119436)",True
2026-02-14T11:23:36.450963,spars,random,43,5.261208945262958,0.08609914779663086,"(1.5873334298858381, 6.202434232899518)","(4.6491993458328755, 2.0157875907855987)",True
2026-02-14T11:23:36.526172,spars,random,43,6.556390301373246,0.07078170776367188,"(2.113375499072629, 0.3521060382910566)","(7.174566934440072, 4.459588270595293)",True
2026-02-14T11:23:36.647814,spars,random,43,3.36063226490346,0.1172339916229248,"(5.624086242123887, 5.7180445593967315)","(3.5682572530065864, 3.4005532183715657)",True
2026-02-14T11:23:36.743845,spars,random,43,4.160083057993115,0.09164667129516602,"(7.263261476034423, 3.259428277267533)","(3.4941150867829025, 4.988523036524824)",True
2026-02-14T11:23:36.935547,spars,random,43,4.696598513506013,0.1873173713684082,"(1.315337283776497, 4.450412790693904)","(4.296359233308489, 7.774477564536649)",True
2026-02-14T11:23:37.025683,spars,random,43,4.142442036956961,0.08563613891601562,"(4.252860511816523, 5.33976787756214)","(0.5618303915639542, 3.550789398270802)",True
2026-02-14T11:23:37.137196,spars,random,43,6.050763193826372,0.1071479320526123,"(6.346515974067644, 1.123845028659038)","(6.487218793170244, 7.014642261186272)",True
2026-02-14T11:23:37.211245,spars,random,43,2.3468386224992273,0.06959748268127441,"(6.478508722789988, 7.4237045094056935)","(4.664564252531491, 6.268010806313329)",True
2026-02-14T11:23:37.357534,spars,random,43,2.4882885399287624,0.14192938804626465,"(4.03743212723629, 4.629568198938649)","(1.8852291779356447, 3.425224801777752)",True
2026-02-14T11:23:37.491609,spars,random,43,5.631548045057093,0.12972450256347656,"(5.200792498802549, 2.2595267542663224)","(3.5080264102563987, 7.559220757023179)",True
2026-02-14T11:23:37.609562,spars,random,43,3.0649116937047314,0.11357355117797852,"(6.3586231477160275, 0.8224011256056274)","(4.228192569439472, 2.6272055434088557)",True
2026-02-14T11:23:37.675590,spars,random,43,6.413971878988193,0.061568498611450195,"(0.612872219295614, 7.157792631299473)","(5.641762812469085, 3.3713049617692157)",True
2026-02-14T11:23:37.767132,spars,random,43,7.252319498897654,0.08712053298950195,"(6.106394883782844, 6.380465582065438)","(2.4638335887412524, 0.34738923533818866)",True
2026-02-14T11:23:37.880474,spars,random,43,7.670310509895181,0.10902595520019531,"(5.779085049152708, 5.209969636396184)","(0.5239337835918167, 0.4162067502687199)",True
2026-02-14T11:23:38.007027,spars,random,43,3.9375092278402324,0.12218022346496582,"(3.918913726252466, 6.44754464082783)","(7.54328378151388, 5.246110091700741)",True
2026-02-14T11:23:38.120578,spars,random,43,7.056050345167304,0.10175085067749023,"(3.4675762773701067, 7.6914026556060335)","(6.038600995526685, 1.313097552792101)",True
2026-02-14T11:23:38.184365,spars,random,43,5.25588032459648,0.05929756164550781,"(1.148632134868909, 5.244106285749646)","(5.728083900781076, 6.157925993249614)",True
2026-02-14T11:23:38.303989,spars,random,43,4.776082273408546,0.11537718772888184,"(1.3033270341255143, 3.9099841061859975)","(4.889260038607923, 1.5148520628284938)",True
2026-02-14T11:23:38.422142,spars,random,43,3.403654054893008,0.11377644538879395,"(2.3054609616941404, 0.7516748892262815)","(5.446735602258231, 2.0161759193448203)",True
2026-02-14T11:23:38.502606,spars,random,43,7.535342835922104,0.07595133781433105,"(7.052479164090498, 5.771797115153285)","(1.0807486502181405, 2.3826512076919224)",True
2026-02-14T11:23:38.656671,spars,random,43,5.451056298238747,0.14970755577087402,"(2.911600123638804, 3.2752787574981106)","(7.481827184619578, 0.403621620465902)",True
2026-02-14T11:23:38.755264,spars,random,43,2.9605977398586316,0.09416985511779785,"(6.47189754896676, 5.002890417335281)","(6.551833621239051, 2.097836286828292)",True
2026-02-14T11:23:38.841394,spars,random,43,4.434880636064916,0.08168315887451172,"(0.6429005023707095, 1.3544726141642984)","(1.390800801600525, 5.548473514873251)",True
2026-02-14T11:23:38.959629,spars,random,43,7.596777469133722,0.11388444900512695,"(5.359763718282426, 0.25395961179147264)","(4.5107771161219805, 7.441129509360152)",True
2026-02-14T11:23:39.018835,spars,random,43,5.907147985221556,0.054788827896118164,"(1.514032225905952, 5.317145699899626)","(6.596457654828797, 6.061207412974459)",True
2026-02-14T11:23:39.150549,spars,random,43,5.375303754979837,0.1274259090423584,"(3.3557607828626788, 1.9493149372421739)","(4.552881946518565, 7.185246702832509)",True
2026-02-14T11:23:39.217021,spars,random,43,5.662013309405461,0.06203007698059082,"(1.3122527022709676, 6.741377031432235)","(6.224830635250935, 4.502400125308226)",True
2026-02-14T11:23:39.353964,spars,random,43,4.9487972529408415,0.1325695514678955,"(6.8181274331955715, 1.284510731703869)","(2.6300896809831418, 3.9114714724088078)",True
2026-02-14T11:23:39.459628,spars,random,43,5.559187605922395,0.10128617286682129,"(3.1593747592168766, 0.8054161659021286)","(2.538579608950199, 6.214717229067375)",True
2026-02-14T11:23:39.536832,spars,random,43,1.8150065856531854,0.07288360595703125,"(2.7224924883191797, 6.510902748392758)","(0.9384650421416412, 6.176994176056496)",True
2026-02-14T11:23:39.638975,spars,random,43,3.6426916213558895,0.09784889221191406,"(4.736966513971178, 2.4605594662648462)","(5.151257271902291, 5.728349438012587)",True
2026-02-14T11:23:39.758951,spars,random,43,7.705590650391121,0.11562180519104004,"(7.678913556865159, 6.448953937860893)","(0.9594452472900281, 4.1587939122098225)",True
2026-02-14T11:23:39.892187,spars,random,43,2.4769033966326885,0.12885451316833496,"(3.579745281976127, 1.552195898164359)","(3.243573815360472, 4.00618022418108)",True
2026-02-14T11:23:40.007824,spars,random,43,2.178066557901344,0.11127901077270508,"(3.930604685298638, 4.453283099805096)","(4.049805699258209, 6.628085363729445)",True
2026-02-14T11:23:40.068270,spars,random,43,7.708894875849279,0.05613517761230469,"(0.42756376127484064, 7.643359416400532)","(0.9258470215782211, 0.2894862075750151)",True
2026-02-14T11:23:40.178798,spars,random,43,4.61822950675597,0.10628914833068848,"(7.683787370442387, 6.889034414084157)","(4.681117340802536, 4.389462513130369)",True
2026-02-14T11:23:40.289907,spars,random,43,5.11711404016196,0.10678958892822266,"(6.465432574296442, 5.495708693427186)","(1.614555401670084, 7.119481084901537)",True
2026-02-14T11:23:40.401215,spars,random,43,5.243036904870374,0.10693597793579102,"(4.15227560942723, 1.5609392502211925)","(4.806321423883595, 6.546031361486476)",True
2026-02-14T11:23:40.534277,spars,random,43,2.219288536674951,0.12876486778259277,"(1.9261583588414215, 4.4657078377936665)","(1.3787762950155384, 6.341076180058104)",True
2026-02-14T11:23:40.660671,spars,random,43,5.089019769820151,0.12205386161804199,"(2.3810501671873254, 7.7581526069793)","(4.563255825772618, 3.171225000903603)",True
2026-02-14T11:23:40.757438,spars,random,43,4.319065185423073,0.09249472618103027,"(6.384278675040999, 4.894053848582772)","(6.487519268306318, 0.6361595158229933)",True
2026-02-14T11:23:40.842821,spars,random,43,5.408277620613457,0.08111262321472168,"(5.81043694970683, 3.0626485010177253)","(0.6048656766371234, 3.8102390399207264)",True
2026-02-14T11:23:40.970304,spars,random,43,5.884559393439125,0.12306618690490723,"(0.4486865815953589, 4.610249335849801)","(6.2593965246766, 3.8453329654334247)",True
2026-02-14T11:23:41.013900,spars,random,43,3.2028003524641147,0.039206504821777344,"(4.056619304295089, 2.3669044617098987)","(5.90164482872393, 0.4633528460323184)",True
2026-02-14T11:23:41.105089,spars,random,43,3.7112199195491504,0.08689689636230469,"(6.783780090632841, 2.092825616395075)","(3.5603486314303714, 3.907945266946692)",True
2026-02-14T11:23:41.194319,spars,random,43,2.5858887492314873,0.08485293388366699,"(1.5311802846672542, 0.30309398278686306)","(3.5558238268547946, 1.8362133811675792)",True
2026-02-14T11:23:41.338057,spars,random,43,4.354909400989034,0.1393442153930664,"(4.28711079001192, 2.8805118725771406)","(0.35482983971576587, 4.742779993395792)",True
2026-02-14T11:23:41.463264,spars,random,43,6.338525909175342,0.12077665328979492,"(6.594019300187698, 1.740843294348231)","(1.085204673325907, 4.840628127002369)",True
2026-02-14T11:23:41.542763,spars,random,43,4.190406092198503,0.07510709762573242,"(4.299398098154214, 1.0504450778809842)","(4.634995605897044, 5.120031902196631)",True
2026-02-14T11:23:41.607329,spars,random,43,5.388784018770215,0.06020402908325195,"(5.9138009551604105, 1.6410591236156815)","(0.9786300479672887, 3.0787164749217224)",True
2026-02-14T11:23:41.701055,spars,random,43,2.7705053118564282,0.08948683738708496,"(3.7742015682376877, 1.7188440331420294)","(1.0373105495014094, 1.289313677830446)",True
2026-02-14T11:23:41.798366,spars,random,43,4.487236155638065,0.09287691116333008,"(6.266052149770125, 3.5140264162983694)","(2.0196762946370646, 2.236700839287754)",True
2026-02-14T11:23:41.933391,spars,random,43,7.387675882079691,0.13066554069519043,"(5.177028121287272, 7.38434207532388)","(4.615795738090173, 0.2637322695260904)",True
2026-02-14T11:23:42.013240,spars,random,43,2.7110895855566293,0.07549381256103516,"(4.45157509313613, 3.918975003111492)","(5.589455114293501, 6.1548358143944295)",True
2026-02-14T11:23:42.103304,spars,random,43,2.086808582515224,0.08582258224487305,"(5.200021221753857, 1.477829027976468)","(6.7415015208952465, 2.5600518959302843)",True
2026-02-14T11:23:42.216423,spars,random,43,2.2043563299219153,0.10880017280578613,"(4.0337444933706355, 5.639973415010903)","(6.119995293500532, 5.664838343626741)",True
2026-02-14T11:23:42.286239,spars,random,43,6.187824608935,0.06546139717102051,"(0.3641881573663879, 2.851628480253847)","(5.619000302743091, 4.462760778494284)",True
2026-02-14T11:23:42.381272,spars,random,43,3.3508183901124857,0.09073138236999512,"(7.5604430594101615, 5.318064274418521)","(7.4100753568005375, 2.2160412162237)",True
2026-02-14T11:23:42.457682,spars,random,43,4.140080867259975,0.07200002670288086,"(6.171026206197362, 1.0865711567860297)","(5.5317546085210845, 5.054121276958614)",True
2026-02-14T11:23:42.547795,spars,random,43,1.8412542867860178,0.0856482982635498,"(5.33731540112494, 6.7157503313998115)","(3.9591255895763897, 5.494762991045706)",True
2026-02-14T11:23:42.702174,spars,random,43,5.466625293862523,0.15011024475097656,"(2.2743919688193515, 3.8388445144039114)","(7.113698675676268, 5.518531128432455)",True
2026-02-14T11:23:42.813314,spars,random,43,3.9096661406909656,0.10679197311401367,"(4.300567820278123, 4.783966450872258)","(5.0361650597911956, 1.284539832085314)",True
2026-02-14T11:23:42.898726,spars,random,43,6.6992825053463925,0.08103132247924805,"(6.543995823079238, 3.9907058239728883)","(0.9044222509921012, 5.891182280897988)",True
2026-02-14T11:23:43.026827,spars,random,43,5.454171991894973,0.1236581802368164,"(3.320302141881948, 2.5834924514831226)","(1.1382999315395868, 6.970321842855331)",True
2026-02-14T11:23:43.190669,spars,random,43,5.856446655789003,0.15195727348327637,"(0.4552947683514015, 5.050934554222106)","(5.5051944420619385, 7.73912247154117)",True
2026-02-14T11:23:46.945635,spars,random,114,6.974399799791393,0.10507035255432129,"(1.2130557374011737, 6.949962245930501)","(7.407070104386086, 3.907305421205149)",True
2026-02-14T11:23:47.030514,spars,random,114,5.563021342140717,0.08052778244018555,"(1.0656376007429182, 4.173552607981756)","(5.76849130771088, 1.6783165063887706)",True
2026-02-14T11:23:47.118373,spars,random,114,6.518913417846443,0.08354902267456055,"(4.912959204891536, 0.6021946883877112)","(0.667259976013848, 5.358895156991725)",True
2026-02-14T11:23:47.230498,spars,random,114,6.370028846637389,0.10786128044128418,"(3.4712792895933466, 1.6409634143696188)","(7.708736536413339, 6.025961808918556)",True
2026-02-14T11:23:47.325366,spars,random,114,2.952770275178182,0.09060788154602051,"(3.6836651316052142, 5.713420632923441)","(6.352355405804723, 5.8878320980179994)",True
2026-02-14T11:23:47.429661,spars,random,114,8.337469573166578,0.09998106956481934,"(7.7797458527702466, 5.825436781988049)","(0.7451531062905934, 1.7353013949682046)",True
2026-02-14T11:23:47.549462,spars,random,114,1.8379672697525422,0.11545825004577637,"(3.0045189959250536, 6.763342274935801)","(2.381012027873278, 5.163004784449418)",True
2026-02-14T11:23:47.647863,spars,random,114,3.7071148996979657,0.09416079521179199,"(4.036784824356363, 6.55126076927554)","(4.03136646736839, 2.8441498321714693)",True
2026-02-14T11:23:47.770837,spars,random,114,3.3586081760334014,0.11869645118713379,"(6.962529597718922, 1.4186113793210078)","(3.7367995579430326, 1.1807619783390475)",True
2026-02-14T11:23:47.837420,spars,random,114,2.711680895613199,0.062264442443847656,"(3.7606293530886266, 0.33926161085701345)","(5.766982036991202, 2.0978977152433487)",True
2026-02-14T11:23:47.943679,spars,random,114,1.6540183982720045,0.10192656517028809,"(2.706929456152686, 5.594494137496043)","(2.5116309878312233, 3.952046767232491)",True
2026-02-14T11:23:48.029215,spars,random,114,2.3831732925612137,0.08128046989440918,"(5.447924354697564, 1.7403643941257956)","(3.1349154929062424, 2.291063513189232)",True
2026-02-14T11:23:48.126119,spars,random,114,7.022017608578587,0.08510804176330566,"(2.785307233880534, 0.4306966903619456)","(0.6872009782923838, 6.8189630880426835)",True
2026-02-14T11:23:48.242717,spars,random,114,3.5842120995449602,0.11211895942687988,"(5.133587543067281, 5.795028846925897)","(2.7949481392113347, 3.0797273480479976)",True
2026-02-14T11:23:48.366980,spars,random,114,3.957353223356691,0.12001395225524902,"(7.765133865637231, 2.816836319927533)","(7.126133795085521, 6.628746850213056)",True
2026-02-14T11:23:48.449150,spars,random,114,6.695816629279954,0.07797360420227051,"(7.047212567829609, 2.3542179856882095)","(2.7352848497193705, 7.006521167254027)",True
2026-02-14T11:23:48.499922,spars,random,114,4.483148688114027,0.04660344123840332,"(6.371118964215027, 4.055162502536974)","(4.084670441280061, 0.4719248190648413)",True
2026-02-14T11:23:48.604798,spars,random,114,3.7475196961438493,0.10065627098083496,"(3.2352108694462434, 6.403091690037265)","(0.5081868641803267, 4.224866418388843)",True
2026-02-14T11:23:48.684619,spars,random,114,3.7918464669337637,0.07559823989868164,"(6.177135062759746, 3.784828787263069)","(3.0324925535134586, 1.7043777837189849)",True
2026-02-14T11:23:48.786664,spars,random,114,3.1546982550622378,0.09786772727966309,"(3.5549051895844634, 3.8327902201201356)","(3.573295851474584, 6.715882040627164)",True
2026-02-14T11:23:48.869137,spars,random,114,3.2618172739465017,0.07822895050048828,"(1.229954991476995, 0.26937872998569823)","(2.611243739875876, 2.919876385259717)",True
2026-02-14T11:23:48.980602,spars,random,114,1.7626717321157117,0.1071629524230957,"(3.217404682036922, 3.564494581343749)","(4.379290061129588, 4.890026169694211)",True
2026-02-14T11:23:49.080472,spars,random,114,4.83983029956444,0.09558653831481934,"(1.8207107500091304, 6.911301613414631)","(4.1036046711279655, 2.827773564421883)",True
2026-02-14T11:23:49.189101,spars,random,114,4.409198003367743,0.10441231727600098,"(1.9959055777100803, 4.240902421626572)","(5.250772930213947, 1.860444195868019)",True
2026-02-14T11:23:49.298998,spars,random,114,5.771923514822349,0.10555052757263184,"(7.678437520145508, 3.356310511985053)","(2.948495758342591, 5.672434682989181)",True
2026-02-14T11:23:49.391930,spars,random,114,3.279493254243671,0.08856415748596191,"(4.78614388510145, 6.594508062859309)","(7.4538477813181965, 5.9094207712852445)",True
2026-02-14T11:23:49.447451,spars,random,114,3.605206032710559,0.05122208595275879,"(5.149351053512178, 4.641838864967612)","(7.356730859013426, 6.931277252843114)",True
2026-02-14T11:23:49.529291,spars,random,114,4.458314099547254,0.07760453224182129,"(2.0642639578923747, 6.347162862353806)","(1.7272798866501988, 2.059903328113645)",True
2026-02-14T11:23:49.604354,spars,random,114,2.464074038735169,0.0707705020904541,"(6.028487310474087, 5.740763957691481)","(3.743446297328351, 5.201788305410847)",True
2026-02-14T11:23:49.717683,spars,random,114,6.547746439134805,0.10903215408325195,"(4.288495339984665, 1.770060934557308)","(2.5699953804442277, 7.683066234167583)",True
2026-02-14T11:23:49.799152,spars,random,114,5.614875615710871,0.07723879814147949,"(1.4196781954270161, 6.867659659536189)","(2.117142490986434, 1.7166101803342722)",True
2026-02-14T11:23:49.884277,spars,random,114,5.435711263860911,0.0808873176574707,"(5.103192518063457, 6.777605703106744)","(1.5516145264868175, 2.7254905450831144)",True
2026-02-14T11:23:49.950934,spars,random,114,4.579755213699846,0.06244063377380371,"(1.2195825511137643, 0.3167023142017511)","(3.135010235103807, 4.2911346657769345)",True
2026-02-14T11:23:50.038978,spars,random,114,4.28510929497835,0.08380389213562012,"(3.7735530942469104, 5.737832747508428)","(0.43313157875056696, 6.845895034482416)",True
2026-02-14T11:23:50.137526,spars,random,114,7.672190224943982,0.09433484077453613,"(0.8819443853560971, 7.261467443795178)","(6.681234439377443, 3.3856519269018177)",True
2026-02-14T11:23:50.274087,spars,random,114,3.5058285559806865,0.13219690322875977,"(2.835387881097856, 3.9523551200237153)","(0.5810207831263172, 1.355273437391232)",True
2026-02-14T11:23:50.405481,spars,random,114,5.640075990369317,0.12708020210266113,"(2.7870620681748743, 6.982586559821242)","(4.109128827437788, 1.7097045217342286)",True
2026-02-14T11:23:50.490598,spars,random,114,2.771824895622847,0.08088350296020508,"(2.3045081577784643, 3.0987244348963854)","(4.714919250037972, 2.4950011349807157)",True
2026-02-14T11:23:50.578722,spars,random,114,4.937204738161207,0.08387041091918945,"(5.807229971666782, 0.8258628397906982)","(2.806431096659108, 4.342988378656334)",True
2026-02-14T11:23:50.644408,spars,random,114,6.559635256142363,0.06146836280822754,"(7.395758253130494, 5.673076620140552)","(1.0721461703310942, 5.113513493513221)",True
2026-02-14T11:23:50.750726,spars,random,114,6.039669303625191,0.10213494300842285,"(2.9297490033573226, 1.120812495957221)","(6.09051843581902, 5.9592492630727865)",True
2026-02-14T11:23:50.824709,spars,random,114,2.038369140447738,0.06949567794799805,"(4.655602868541081, 3.371012085242315)","(6.660720881535021, 3.620768047486094)",True
2026-02-14T11:23:50.858515,spars,random,114,-1,0.029607057571411133,"(5.455713145718264, 7.7463873538790375)","(7.616220152438431, 0.9488475524432314)",False
2026-02-14T11:23:50.961520,spars,random,114,8.913596508113665,0.10294508934020996,"(6.032783638484152, 0.6816699837033342)","(0.7690684753923165, 7.540754835093308)",True
2026-02-14T11:23:51.040231,spars,random,114,4.16924995815897,0.07439517974853516,"(5.647669164208912, 4.327406027126334)","(1.8198440214023357, 3.028020053392626)",True
2026-02-14T11:23:51.146119,spars,random,114,2.6871622071686834,0.10165905952453613,"(4.346385718075437, 4.862150334590157)","(1.7137641389207197, 5.009347084256087)",True
2026-02-14T11:23:51.234622,spars,random,114,7.756278374287494,0.08422636985778809,"(4.952371750685869, 1.248380871095602)","(1.0410167057193744, 7.638476153526043)",True
2026-02-14T11:23:51.327679,spars,random,114,1.9834135211419164,0.08887386322021484,"(4.8064587104328265, 3.5175162817611954)","(2.857442194368706, 3.7807149219430185)",True
2026-02-14T11:23:51.415678,spars,random,114,4.534498389273707,0.08371400833129883,"(5.054775856876888, 1.7894604479370377)","(3.758350714502037, 6.02291929710303)",True
2026-02-14T11:23:51.515035,spars,random,114,3.0683570052132945,0.09506869316101074,"(0.40317397977349945, 3.971504999662214)","(2.8237694639074222, 5.68724846558976)",True
2026-02-14T11:23:51.603260,spars,random,114,9.593926733164794,0.08404898643493652,"(1.3558133005244573, 0.42750238009120256)","(5.508958938772216, 7.629447299537724)",True
2026-02-14T11:23:51.631685,spars,random,114,4.123426092666071,0.024161100387573242,"(6.497533215746458, 4.429595485032528)","(5.656990127614138, 0.9014488110046575)",True
2026-02-14T11:23:51.752374,spars,random,114,6.194795432753298,0.11657094955444336,"(5.401698829150948, 5.3476812182048565)","(0.5344882453047433, 1.5717598079283999)",True
2026-02-14T11:23:51.859834,spars,random,114,6.898432344217238,0.10318541526794434,"(1.0977913085661992, 2.5649182534803456)","(6.114372614504893, 6.751521029200232)",True
2026-02-14T11:23:51.968470,spars,random,114,6.347007842977812,0.1043856143951416,"(2.8868680760542897, 1.764381479843931)","(4.029289262785098, 7.645417495669436)",True
2026-02-14T11:23:52.023540,spars,random,114,4.986237186705819,0.05076885223388672,"(3.227273617706648, 1.2770847546830195)","(6.039530714259827, 4.619052571274324)",True
2026-02-14T11:23:52.097800,spars,random,114,4.748804777994516,0.07006239891052246,"(6.640344213854305, 4.406666369963553)","(2.298347628440631, 4.375070422736565)",True
2026-02-14T11:23:52.208585,spars,random,114,2.4257962074311097,0.10632920265197754,"(4.267904658172873, 3.8731010228998146)","(4.96635144920912, 1.6909743730705085)",True
2026-02-14T11:23:52.284617,spars,random,114,6.232481538613875,0.07173538208007812,"(6.62304194636712, 3.8051161213121247)","(1.179558264458576, 5.575647055446954)",True
2026-02-14T11:23:52.399185,spars,random,114,2.424581383177175,0.11032485961914062,"(2.4364528254760316, 5.238614045661787)","(2.090532613300625, 7.488636451512785)",True
2026-02-14T11:23:52.528017,spars,random,114,6.926007093019616,0.12456297874450684,"(6.850249704543315, 6.755518016282836)","(0.26424504140965244, 5.1450175469220625)",True
2026-02-14T11:23:52.630169,spars,random,114,4.883182817124229,0.09791803359985352,"(1.0315123810206188, 3.089909478129809)","(5.685151418733668, 4.264802984327017)",True
2026-02-14T11:23:52.737950,spars,random,114,4.18992218536888,0.10355091094970703,"(6.055055442724416, 5.917880430643711)","(1.9994751030020463, 6.094696677495662)",True
2026-02-14T11:23:52.841118,spars,random,114,6.976899305357813,0.09883689880371094,"(5.8447071741518375, 0.9243703245664516)","(1.9634847463065208, 6.454112920411594)",True
2026-02-14T11:23:52.946446,spars,random,114,4.409589539623293,0.10096621513366699,"(4.214549653761011, 6.549488919101107)","(6.595522219892005, 3.410353819186999)",True
2026-02-14T11:23:53.042231,spars,random,114,5.412056106944458,0.09152507781982422,"(1.1249532998747167, 1.829230414111442)","(5.246176596476681, 5.068358883143664)",True
2026-02-14T11:23:53.156581,spars,random,114,2.9560856617432782,0.10997462272644043,"(2.655010890114367, 3.056065789548465)","(2.0664650182843074, 5.938441019306749)",True
2026-02-14T11:23:53.254610,spars,random,114,3.564983332617909,0.09383511543273926,"(3.487038879118824, 7.288124786522802)","(6.10070391867557, 4.875265725021512)",True
2026-02-14T11:23:53.354426,spars,random,114,3.5937853026308253,0.09563803672790527,"(2.215289865593917, 1.0717269121051496)","(2.6876975050430714, 4.362492681035843)",True
2026-02-14T11:23:53.453696,spars,random,114,6.453002258404304,0.09488487243652344,"(6.2848970502685875, 7.30682642671935)","(2.3707285646990703, 2.436607636914677)",True
2026-02-14T11:23:53.536335,spars,random,114,6.172159831410987,0.07837104797363281,"(7.181370335893224, 4.7510659746686414)","(3.0395264690005472, 0.45360915705522586)",True
2026-02-14T11:23:53.630955,spars,random,114,3.9838101713997007,0.09038209915161133,"(6.020096015528441, 0.7425539370378074)","(7.418655761257262, 4.105001882137759)",True
2026-02-14T11:23:53.711720,spars,random,114,7.304589420497024,0.07651376724243164,"(7.399453049119341, 1.7787432691007323)","(3.2942397751982035, 7.264593699866062)",True
2026-02-14T11:23:53.811715,spars,random,114,4.360404510245206,0.09560513496398926,"(4.1359873131098395, 5.506304914189041)","(7.2262231997326944, 3.231890360072205)",True
2026-02-14T11:23:53.914181,spars,random,114,7.082930142707422,0.09820199012756348,"(0.48159371512572946, 0.2999457956119347)","(6.709339572166534, 3.0798655715222525)",True
2026-02-14T11:23:53.973937,spars,random,114,2.408787400263874,0.05532121658325195,"(5.5679228641946725, 0.7073111719361567)","(5.238032461018105, 2.7955330552829727)",True
2026-02-14T11:23:54.068689,spars,random,114,5.232517740253236,0.09057497978210449,"(4.083687482675392, 6.761485821635212)","(5.51777594424673, 1.921905235429155)",True
2026-02-14T11:23:54.173102,spars,random,114,5.669766883258054,0.10019254684448242,"(4.630016695280714, 6.466986254148076)","(5.159180032657054, 1.3381111041857068)",True
2026-02-14T11:23:54.256226,spars,random,114,2.438787732779272,0.07890176773071289,"(1.2303132053806847, 7.6158536648279185)","(3.6059713670352673, 7.1645776547675055)",True
2026-02-14T11:23:54.354167,spars,random,114,3.201561839132692,0.09374713897705078,"(6.859436672128845, 5.298131712480085)","(3.8652217744810873, 4.24831744075568)",True
2026-02-14T11:23:54.470588,spars,random,114,2.994945391724717,0.11222553253173828,"(4.550182687528502, 1.8946169791269938)","(2.5860590091089355, 4.089457215032645)",True
2026-02-14T11:23:54.554121,spars,random,114,1.9503172080049898,0.07932353019714355,"(3.4829964874344554, 2.8087583358609676)","(2.3201308984326756, 4.37447866737912)",True
2026-02-14T11:23:54.645435,spars,random,114,3.62131028368036,0.08710837364196777,"(6.029149610791113, 4.878958590056133)","(3.7424963582772612, 2.2594059902321177)",True
2026-02-14T11:23:54.742436,spars,random,114,3.9833964663426404,0.09266781806945801,"(5.8506237824476655, 0.7783053468731511)","(2.9399492854912115, 3.1642014757179844)",True
2026-02-14T11:23:54.876412,spars,random,114,7.249917159433997,0.1296982765197754,"(0.46488951262436284, 3.3714190129068475)","(6.825728401133237, 6.608522718110423)",True
2026-02-14T11:23:54.993873,spars,random,114,3.4240742861503044,0.11323952674865723,"(5.561763817574438, 6.500441421731484)","(2.1439829163794473, 6.707946631635956)",True
2026-02-14T11:23:55.077671,spars,random,114,5.159088653894727,0.07949495315551758,"(5.282460341584516, 4.2378347979806446)","(0.9571223446844472, 6.727767826105467)",True
2026-02-14T11:23:55.161070,spars,random,114,6.956312496865691,0.07922863960266113,"(1.2457646325439962, 5.360894733446102)","(7.5860380309173765, 6.853330212108784)",True
2026-02-14T11:23:55.274743,spars,random,114,2.5072113995083543,0.10935020446777344,"(2.0694610924674146, 7.644420768918852)","(0.5960831291123228, 5.905175327283648)",True
2026-02-14T11:23:55.395971,spars,random,114,2.4267967181989407,0.11698126792907715,"(3.9847628401458426, 5.3315632684815135)","(1.8957118152743293, 5.941661495672614)",True
2026-02-14T11:23:55.447723,spars,random,114,4.417836375155521,0.04748725891113281,"(4.483277331569209, 7.235593284671833)","(6.590122660308459, 3.816376666401494)",True
2026-02-14T11:23:55.559967,spars,random,114,6.158989849430429,0.10804629325866699,"(7.493932832186235, 1.968687523216226)","(1.8935705050867346, 0.39918828846557375)",True
2026-02-14T11:23:55.630990,spars,random,114,3.0680487332095763,0.06667089462280273,"(1.3791424062142372, 3.9364037447679108)","(4.1837639389908565, 4.327449380056301)",True
2026-02-14T11:23:55.711436,spars,random,114,2.9874707314761055,0.07622909545898438,"(2.712971735165498, 1.0531668775089615)","(4.303617077511626, 3.549974610139116)",True
2026-02-14T11:23:55.823091,spars,random,114,2.7758428059590665,0.10744071006774902,"(0.413615040867211, 5.285701745970146)","(2.915112620726096, 4.375916345625784)",True
2026-02-14T11:23:55.912886,spars,random,114,4.359278374856615,0.08553361892700195,"(4.413976887977159, 2.064581572566307)","(1.6667477685902963, 5.322564237729925)",True
2026-02-14T11:23:56.012142,spars,random,114,2.3821935668664396,0.09496712684631348,"(6.313771409367355, 7.0359479303156665)","(4.920493219719121, 5.200543499955451)",True
2026-02-14T11:23:56.104601,spars,random,114,8.383876817275471,0.0882110595703125,"(1.0339733714177823, 7.589969696819088)","(4.755470139291891, 0.41418652821701407)",True
2026-02-14T11:23:56.204647,spars,random,114,5.7239242498310565,0.09578728675842285,"(3.5823094680160006, 2.9445374361704273)","(0.43425077218004215, 7.5819103363271)",True
2026-02-14T11:23:56.293519,spars,random,114,7.152840591198923,0.08456635475158691,"(2.4357134533544977, 1.3313101627600554)","(7.375020589371599, 5.663330108945508)",True
2026-02-14T11:24:00.020415,spars,random,520,1.9534830810368116,0.06076622009277344,"(3.535352085915343, 1.6612861574803146)","(5.242581998153053, 2.4984248201710386)",True
2026-02-14T11:24:00.127281,spars,random,520,1.889294757414706,0.10240006446838379,"(0.47690089041590955, 2.990819551217135)","(1.6387467142918153, 1.6664319549452573)",True
2026-02-14T11:24:00.235184,spars,random,520,4.630306586131996,0.10361313819885254,"(0.22718962566007406, 3.7189358460261515)","(4.6920163518050355, 4.763375890938697)",True
2026-02-14T11:24:00.323983,spars,random,520,2.117471992388201,0.08457231521606445,"(1.724917439969711, 3.504905657846874)","(2.2319123757029296, 1.6826849160220796)",True
2026-02-14T11:24:00.397634,spars,random,520,2.5957814344947083,0.06939029693603516,"(7.673862926598818, 3.2296302826644725)","(6.453215320706962, 1.379950497580511)",True
2026-02-14T11:24:00.467367,spars,random,520,2.820194541527821,0.06554198265075684,"(2.715065165530368, 0.6770163890054839)","(2.1108151077672392, 3.1290443785582545)",True
2026-02-14T11:24:00.531172,spars,random,520,3.13709600125852,0.059604644775390625,"(4.008826469947541, 3.587088941792179)","(4.130399349862902, 0.5788949115996873)",True
2026-02-14T11:24:00.618586,spars,random,520,5.657801470248731,0.08321213722229004,"(2.317752156033637, 6.003477666874549)","(5.646610052552731, 1.5268352303336998)",True
2026-02-14T11:24:00.738657,spars,random,520,6.313575208912699,0.11583733558654785,"(0.22207316711958658, 3.261272275757105)","(5.2353887447751495, 6.977451697151769)",True
2026-02-14T11:24:00.836707,spars,random,520,1.6096930314945763,0.09384274482727051,"(5.599379675881388, 6.921727205576632)","(4.005404209368476, 6.697330674132714)",True
2026-02-14T11:24:00.947350,spars,random,520,6.219669236444788,0.10637378692626953,"(6.790377557118126, 0.3624496699409203)","(4.6540151119347195, 5.9247465632206)",True
2026-02-14T11:24:01.013237,spars,random,520,3.2826008776615763,0.06152200698852539,"(4.859749217922069, 3.774106600056289)","(4.350813065024804, 0.5450919913554495)",True
2026-02-14T11:24:01.122552,spars,random,520,5.59482784916363,0.1049649715423584,"(2.3183212418143304, 6.2123383428281045)","(5.2828938493519475, 1.531470770555206)",True
2026-02-14T11:24:01.180202,spars,random,520,1.7579880673505417,0.05332469940185547,"(7.650460039348916, 2.0642976526258074)","(6.185667479918513, 1.1627573414265946)",True
2026-02-14T11:24:01.262798,spars,random,520,2.5429449203779573,0.07835865020751953,"(6.279246519048415, 7.783849143152036)","(5.063157025172916, 5.553348467488454)",True
2026-02-14T11:24:01.350462,spars,random,520,5.557233533563562,0.08340191841125488,"(3.376938983763008, 5.472522523953347)","(7.332761502069344, 1.6937949080699273)",True
2026-02-14T11:24:01.479633,spars,random,520,4.186463344689492,0.11699199676513672,"(5.405479938693523, 7.231938387299402)","(6.487010930631172, 3.215003068893796)",True
2026-02-14T11:24:01.540984,spars,random,520,5.907023499472928,0.05709695816040039,"(5.593502561663922, 5.258469019877078)","(0.5530050489801912, 7.703339944620364)",True
2026-02-14T11:24:01.624450,spars,random,520,2.1689665205482687,0.07925558090209961,"(4.662786998392077, 5.818726873399694)","(6.327671415350725, 4.593768445200822)",True
2026-02-14T11:24:01.681732,spars,random,520,-1,0.05301070213317871,"(7.2429649515657, 7.643606880846244)","(7.721946520563834, 1.0773233195781424)",False
2026-02-14T11:24:01.768018,spars,random,520,4.458079411511418,0.08623242378234863,"(1.8651771437706763, 7.2331658216490915)","(5.439554410550811, 5.231238047834015)",True
2026-02-14T11:24:01.857969,spars,random,520,5.400485337892913,0.08565139770507812,"(1.6713980345893482, 1.1638255076463366)","(5.617659074700349, 4.828891837456916)",True
2026-02-14T11:24:01.945933,spars,random,520,4.592641801442457,0.08360981941223145,"(3.877091797489739, 3.5500509807153735)","(6.946746251520126, 6.6668345613083355)",True
2026-02-14T11:24:02.007189,spars,random,520,3.1827779641648872,0.05697011947631836,"(5.147683746472588, 2.517584587444606)","(6.6508446763251605, 4.710134452915623)",True
2026-02-14T11:24:02.092945,spars,random,520,3.261200173020737,0.08153676986694336,"(3.9670802222827914, 0.877551657328743)","(2.571214573999674, 3.6331043709321333)",True
2026-02-14T11:24:02.164007,spars,random,520,3.9779210464284835,0.06669235229492188,"(4.497506463459405, 4.906902288777008)","(6.869530501666281, 1.7732164319234718)",True
2026-02-14T11:24:02.251292,spars,random,520,4.529908301783769,0.08304810523986816,"(4.076855407526908, 2.248449677561064)","(6.541077755310627, 5.704968779545193)",True
2026-02-14T11:24:02.362452,spars,random,520,8.214685877791092,0.10695147514343262,"(7.7831631817878755, 6.025314882130808)","(0.5390550494111688, 2.898487166774397)",True
2026-02-14T11:24:02.453723,spars,random,520,7.138842247544535,0.08692121505737305,"(0.5310896672247054, 2.3997862400937597)","(6.8594421660331655, 4.003898595182073)",True
2026-02-14T11:24:02.555922,spars,random,520,4.71871562321077,0.09794163703918457,"(1.4560156775425535, 4.3426553773397805)","(5.709515845372983, 4.960986077104692)",True
2026-02-14T11:24:02.648435,spars,random,520,4.199880683565609,0.08831930160522461,"(4.303545390131153, 5.5142112146508095)","(6.962966955209028, 2.5067469379475114)",True
2026-02-14T11:24:02.743538,spars,random,520,4.610334743408533,0.09081196784973145,"(6.486394956775909, 6.153472293521694)","(2.9092443621553565, 4.339724594729747)",True
2026-02-14T11:24:02.846315,spars,random,520,2.8743313349851043,0.09850716590881348,"(0.6320301696355495, 1.9097572203345656)","(1.4218401530801286, 4.613031574747489)",True
2026-02-14T11:24:02.898300,spars,random,520,4.572890396180261,0.0476834774017334,"(7.206472657533252, 4.157397297534416)","(4.531034186839598, 0.5416565211282975)",True
2026-02-14T11:24:03.016843,spars,random,520,7.077510996768687,0.1143338680267334,"(0.2971564876276469, 2.929841860430189)","(6.3651665185604145, 5.771570534140855)",True
2026-02-14T11:24:03.119360,spars,random,520,3.813661807513867,0.09819936752319336,"(4.954526848636369, 1.080671937044774)","(7.583297438438449, 3.4089326203988906)",True
2026-02-14T11:24:03.251432,spars,random,520,4.86109476798601,0.12777495384216309,"(2.287142562861632, 6.214921455055688)","(7.102487023728847, 6.483425488029224)",True
2026-02-14T11:24:03.338332,spars,random,520,5.973305050615794,0.08256673812866211,"(5.983254219572773, 6.30812361476502)","(1.4443228985486556, 2.7538461664934957)",True
2026-02-14T11:24:03.462801,spars,random,520,7.825561582965462,0.12008070945739746,"(7.64280853411138, 6.705937304876528)","(0.5098927639204511, 7.063904801638494)",True
2026-02-14T11:24:03.572211,spars,random,520,4.105996413685872,0.1051025390625,"(0.23388539207751968, 4.147983345850858)","(1.9704437857230275, 7.243261158717151)",True
2026-02-14T11:24:03.658579,spars,random,520,5.284683197985337,0.08201289176940918,"(2.680745942425297, 2.178079414627124)","(4.129891523442644, 6.968774208663652)",True
2026-02-14T11:24:03.804455,spars,random,520,2.7666028945675043,0.14156889915466309,"(2.938636081958835, 7.658813053326392)","(5.654408238765413, 7.304270931523096)",True
2026-02-14T11:24:03.893809,spars,random,520,2.637038457892186,0.08498930931091309,"(5.316952684257093, 4.563601215705996)","(7.129590737110887, 6.402784358144899)",True
2026-02-14T11:24:03.988258,spars,random,520,2.8824697545784432,0.09012937545776367,"(1.5966644198770066, 3.5643563661667015)","(2.7102227988758365, 0.9873737722084215)",True
2026-02-14T11:24:04.105184,spars,random,520,7.231708157323581,0.11257076263427734,"(7.527182809089343, 2.8125729506298516)","(2.4390810019566684, 7.44696725621308)",True
2026-02-14T11:24:04.183501,spars,random,520,6.051864352210688,0.07401394844055176,"(0.8249414429958009, 3.4279794524392173)","(6.037318800827626, 6.161957945369272)",True
2026-02-14T11:24:04.259739,spars,random,520,4.247464520603479,0.07178926467895508,"(4.544746544309971, 6.561588939636127)","(3.6693205921188277, 2.661657444671752)",True
2026-02-14T11:24:04.331912,spars,random,520,6.736841886208748,0.06785774230957031,"(0.42605767661662064, 1.7601772684940693)","(6.840112104506813, 1.8221644531667414)",True
2026-02-14T11:24:04.369322,spars,random,520,1.7591852569408466,0.03314971923828125,"(0.8486209322626577, 1.7431356754838587)","(0.853630985264016, 3.4293660094967704)",True
2026-02-14T11:24:04.455088,spars,random,520,5.619975492026629,0.0815420150756836,"(2.2763105810929893, 5.911545385436233)","(3.1872845658986986, 0.7394300819371882)",True
2026-02-14T11:24:04.566834,spars,random,520,5.466903428033927,0.10739898681640625,"(6.517769480318409, 1.8700809933127376)","(1.4527582586908183, 2.440411265414559)",True
2026-02-14T11:24:04.651721,spars,random,520,5.035288758873262,0.08061480522155762,"(0.812083631288572, 5.411608202422561)","(5.406476021230184, 3.706477387064835)",True
2026-02-14T11:24:04.731551,spars,random,520,2.4592943012064667,0.07557272911071777,"(6.371346870417632, 4.785934163246397)","(6.857903834749825, 7.023327261511581)",True
2026-02-14T11:24:04.831645,spars,random,520,2.43818521393805,0.09577560424804688,"(4.457231030052103, 3.502452784275076)","(2.0419788179693876, 3.836006606576613)",True
2026-02-14T11:24:04.931982,spars,random,520,5.400908672891714,0.09607696533203125,"(7.426718570912376, 1.0090603309040782)","(4.078225155300511, 4.945545964028252)",True
2026-02-14T11:24:05.012751,spars,random,520,5.149241991448712,0.07653188705444336,"(6.720414341902541, 6.9315332077691005)","(2.6169446588252008, 4.379953817474904)",True
2026-02-14T11:24:05.128964,spars,random,520,7.880603181497621,0.1119680404663086,"(0.5573568093435144, 7.194746092690923)","(4.51448064700599, 0.9096137573875867)",True
2026-02-14T11:24:05.236808,spars,random,520,6.963338227572638,0.10338401794433594,"(7.127641834816561, 4.030069439689906)","(1.4526907829859281, 7.56513961566835)",True
2026-02-14T11:24:05.320928,spars,random,520,3.0295413704064864,0.07984280586242676,"(4.692288925925637, 4.394733968248836)","(4.75186117778473, 1.5257532550358448)",True
2026-02-14T11:24:05.387532,spars,random,520,4.105307564521416,0.06234550476074219,"(4.117243171750033, 0.6211918859602106)","(4.87964683735565, 4.491737989504254)",True
2026-02-14T11:24:05.495097,spars,random,520,3.937825070505876,0.10339832305908203,"(4.74590024695137, 7.752331133712585)","(3.6559638786951876, 4.081012459741463)",True
2026-02-14T11:24:05.595182,spars,random,520,6.750249190329131,0.09569716453552246,"(5.328282069481598, 2.5419955690284812)","(1.0686963601496915, 7.608522458086445)",True
2026-02-14T11:24:05.698765,spars,random,520,5.546247373246248,0.09920978546142578,"(5.551249740482813, 5.874803756045977)","(4.945187807585542, 0.7528859918282249)",True
2026-02-14T11:24:05.816561,spars,random,520,1.9214812650426025,0.11318016052246094,"(2.6241039624118887, 5.60249559829702)","(3.2399917797198725, 7.39279829960412)",True
2026-02-14T11:24:05.877544,spars,random,520,5.592931649721597,0.056699275970458984,"(1.0788965146158427, 0.8742731986802834)","(6.245852210074119, 1.1323483000195962)",True
2026-02-14T11:24:05.957239,spars,random,520,7.197137050111222,0.07543396949768066,"(3.12993241850619, 0.7059441561888979)","(7.458300126606837, 5.769283540100465)",True
2026-02-14T11:24:06.074262,spars,random,520,7.901710169469167,0.11275100708007812,"(6.953650544760558, 1.095503945223263)","(2.298124936524138, 7.209188591065011)",True
2026-02-14T11:24:06.155289,spars,random,520,3.9061933951945083,0.07669329643249512,"(2.4396002647025252, 0.4442868163280096)","(2.61886157031912, 4.295630501734191)",True
2026-02-14T11:24:06.257658,spars,random,520,5.498433339632412,0.09810876846313477,"(0.45142253834806656, 2.2906451601086877)","(4.111325486221035, 5.93070988200902)",True
2026-02-14T11:24:06.381506,spars,random,520,4.475019340998018,0.11954832077026367,"(3.237153953349864, 0.8200758663777927)","(7.480436072650748, 0.39176591227880575)",True
2026-02-14T11:24:06.448553,spars,random,520,3.4490340379240876,0.06274700164794922,"(3.567237056527574, 0.9356549728642536)","(6.710080397271329, 1.6344948798400436)",True
2026-02-14T11:24:06.520187,spars,random,520,2.6903506965323687,0.06737446784973145,"(3.9921162574792914, 6.540768805208795)","(3.528761644856723, 3.9034988675502778)",True
2026-02-14T11:24:06.581004,spars,random,520,4.30314181863235,0.05661654472351074,"(2.819620154060096, 3.245263791558191)","(4.192784052396384, 7.230171264653685)",True
2026-02-14T11:24:06.672964,spars,random,520,5.957726144796265,0.08771491050720215,"(1.964372159978331, 1.988937970433617)","(4.739966621029534, 6.8975335586909114)",True
2026-02-14T11:24:06.782570,spars,random,520,6.50111216097705,0.10534024238586426,"(7.108809715096896, 2.2507752309648357)","(0.8697089415090451, 1.0869684245145308)",True
2026-02-14T11:24:06.865240,spars,random,520,2.7731732913774776,0.0783228874206543,"(7.329000373493022, 4.089404808594828)","(6.807550334235464, 1.8194089170623498)",True
2026-02-14T11:24:07.005234,spars,random,520,7.859695064201647,0.13577866554260254,"(3.4579265906002323, 0.4833330558600242)","(0.606831304618149, 7.4750797010218335)",True
2026-02-14T11:24:07.072436,spars,random,520,2.3567393783371804,0.06292200088500977,"(1.291058960621207, 5.430890451020523)","(0.5643399380900656, 7.666770422903649)",True
2026-02-14T11:24:07.176502,spars,random,520,5.288353785432246,0.09981632232666016,"(3.4523276801740366, 6.470628005243522)","(5.3651242386708535, 1.5973520051735939)",True
2026-02-14T11:24:07.274665,spars,random,520,1.7893537654828453,0.0938570499420166,"(5.762104756196666, 0.22588086803623675)","(7.506597028884177, 0.6112171615537738)",True
2026-02-14T11:24:07.334593,spars,random,520,2.9788625047596,0.05567288398742676,"(2.113149686850625, 5.367816593882238)","(0.9351082824667207, 3.1025281820969965)",True
2026-02-14T11:24:07.413150,spars,random,520,5.155366843356423,0.07427811622619629,"(5.772172845329373, 4.097621744055488)","(1.4874946923498946, 2.120403662484587)",True
2026-02-14T11:24:07.514723,spars,random,520,4.493884626179558,0.09732770919799805,"(3.9360401711463, 4.970152963616501)","(7.448924496195211, 7.272708653950663)",True
2026-02-14T11:24:07.599079,spars,random,520,2.2112352989898896,0.07999491691589355,"(1.8378313232672703, 0.6972507955491309)","(1.8143416223506748, 2.8759447022291766)",True
2026-02-14T11:24:07.677048,spars,random,520,2.627295679316545,0.0736989974975586,"(0.9386054910602972, 0.7151851712150759)","(3.2774936287734278, 1.079719219233481)",True
2026-02-14T11:24:07.766552,spars,random,520,3.7814506595838058,0.0852818489074707,"(6.362888579461969, 0.4777844423778941)","(6.840078365135476, 4.087603903022807)",True
2026-02-14T11:24:07.869239,spars,random,520,3.559922043832736,0.09839129447937012,"(2.888113734674431, 5.112403045407123)","(0.7443610389978197, 2.4062398507441882)",True
2026-02-14T11:24:07.970692,spars,random,520,5.8690087944550235,0.09715795516967773,"(3.3907427237614503, 0.9557434921943395)","(3.2525529498653087, 6.16709229310418)",True
2026-02-14T11:24:08.045298,spars,random,520,3.8593765614773394,0.07031750679016113,"(5.720433509525731, 4.467321761092807)","(2.086772893216378, 5.646955783589358)",True
2026-02-14T11:24:08.161541,spars,random,520,5.930328699082662,0.11201000213623047,"(2.1466176099452268, 1.6643195256291534)","(2.039347010760064, 7.381001854877011)",True
2026-02-14T11:24:08.267542,spars,random,520,4.5561252188765415,0.10167932510375977,"(1.915490564977694, 7.339442586166955)","(5.321468529005053, 4.379844608017946)",True
2026-02-14T11:24:08.333842,spars,random,520,6.404782457175059,0.06198692321777344,"(4.221420517485891, 7.636719314128628)","(6.196851952412816, 1.8911182675197251)",True
2026-02-14T11:24:08.433282,spars,random,520,3.5249948246217193,0.09527254104614258,"(7.000249049471324, 3.874492437471951)","(5.622506743091646, 7.033305821079822)",True
2026-02-14T11:24:08.544829,spars,random,520,4.968399040783137,0.10727143287658691,"(4.442050103195819, 4.209447161572335)","(0.7430889697521623, 1.024824881802835)",True
2026-02-14T11:24:08.662011,spars,random,520,2.25492196970355,0.11292195320129395,"(3.340063814706646, 4.503849908871258)","(1.3063878488803926, 3.9529551644870295)",True
2026-02-14T11:24:08.743382,spars,random,520,2.8590972349931483,0.07697868347167969,"(7.462705658851039, 7.323650428514194)","(5.272397533522295, 5.701340322351988)",True
2026-02-14T11:24:08.788383,spars,random,520,3.3592410926300396,0.04076409339904785,"(6.346482516652661, 4.8219903480777555)","(7.424470353619246, 1.9601210299724157)",True
2026-02-14T11:24:08.908900,spars,random,520,2.249622298589477,0.11638665199279785,"(5.883998559319113, 1.8551073068349622)","(7.259023066420543, 0.2288639752146162)",True
2026-02-14T11:24:09.000349,spars,random,520,1.9511305545187438,0.08721637725830078,"(2.167092889759406, 5.290365211549033)","(0.3186994132668177, 5.292383167579093)",True
2026-02-14T11:24:09.060672,spars,random,520,7.606247465170475,0.05603361129760742,"(1.2466210306751515, 5.1205751507515425)","(6.9924556977653705, 1.848208331671941)",True
