timestamp,algorithm,environment,seed,path_length,search_time,start,goal,success
2026-02-14T11:20:17.892434,delta,maze,43,27.764053870591848,0.10681009292602539,"(1.1275347506198339, 5.968852084938918)","(1.3072314490226853, 2.357778275660418)",True
2026-02-14T11:20:18.084559,delta,maze,43,19.133842349709962,0.14044737815856934,"(3.20596274694917, 8.419547411296259)","(6.527684088360653, 5.303389680377357)",True
2026-02-14T11:20:18.204949,delta,maze,43,10.887359059108189,0.11236977577209473,"(0.28433547935873194, 7.190733303546773)","(3.8705101806238575, 7.860061762560933)",True
2026-02-14T11:20:18.377036,delta,maze,43,41.6134465692052,0.16512751579284668,"(2.493327033426817, 0.5574723791812877)","(8.493156680812163, 2.166084159666839)",True
2026-02-14T11:20:18.442381,delta,maze,43,9.188602639419225,0.05843210220336914,"(3.968896590863145, 3.0977454159784457)","(0.7512944599651832, 8.263602003451105)",True
2026-02-14T11:20:18.558033,delta,maze,43,11.101609074288572,0.10869622230529785,"(8.319603647899642, 9.520357896066802)","(3.776693761072354, 9.35398362606492)",True
2026-02-14T11:20:18.679517,delta,maze,43,7.855095842149534,0.11441612243652344,"(4.368431936229245, 6.563301586873716)","(2.9204343067498746, 2.570587261444538)",True
2026-02-14T11:20:18.804506,delta,maze,43,24.377944708421747,0.11812186241149902,"(4.660844396671082, 6.236462040200922)","(8.919500142645536, 5.147505576850025)",True
2026-02-14T11:20:18.944547,delta,maze,43,35.89505047523314,0.1331031322479248,"(9.339794165670067, 4.037139237186315)","(6.16210079964518, 2.700476011159731)",True
2026-02-14T11:20:19.065334,delta,maze,43,16.100660560253644,0.11376547813415527,"(6.567422614083342, 6.9062129572293065)","(5.973686738338649, 5.29233774898023)",True
2026-02-14T11:20:19.169341,delta,maze,43,9.653732061311445,0.09698009490966797,"(2.019602138950358, 1.9517824709024787)","(7.798240875197234, 2.845261222153415)",True
2026-02-14T11:20:19.280642,delta,maze,43,25.90340047381268,0.10430574417114258,"(1.4158881085437216, 3.9587753364086016)","(3.04064136307698, 2.3853005595534302)",True
2026-02-14T11:20:19.382765,delta,maze,43,4.488460750993568,0.09529948234558105,"(7.3281519955700585, 7.057437148971385)","(9.247695796206054, 4.932728402349262)",True
2026-02-14T11:20:19.509036,delta,maze,43,37.821504300943886,0.11930322647094727,"(5.825602030820622, 9.461004100437181)","(4.716772667862103, 2.855942358801358)",True
2026-02-14T11:20:19.614003,delta,maze,43,14.425588506364367,0.09798479080200195,"(0.6244615695096826, 5.582319109641978)","(8.527778474938977, 8.659294356744116)",True
2026-02-14T11:20:19.722131,delta,maze,43,15.358668003267226,0.10131096839904785,"(9.352330935321175, 7.2506654340740475)","(1.8101869839810703, 4.2598475466506915)",True
2026-02-14T11:20:19.855452,delta,maze,43,27.33594169721298,0.1264636516571045,"(8.68181505636916, 2.4994535472810058)","(4.344464408344044, 6.045982363044772)",True
2026-02-14T11:20:20.009757,delta,maze,43,38.25853841413181,0.14737343788146973,"(0.4381031438703198, 3.0539491992296774)","(7.3699889263870455, 7.011891047975035)",True
2026-02-14T11:20:20.127594,delta,maze,43,8.215508606540384,0.11090278625488281,"(9.227231588831508, 7.613574593745941)","(2.109239446874425, 8.868717570205856)",True
2026-02-14T11:20:20.175037,delta,maze,43,4.778524663365026,0.04044532775878906,"(5.412188640711755, 8.279999298253191)","(9.040396940975798, 8.12382053360359)",True
2026-02-14T11:20:20.315206,delta,maze,43,42.60629683520837,0.13329124450683594,"(4.74992759811554, 1.2569513474455178)","(6.314830866815374, 2.0061209184724214)",True
2026-02-14T11:20:20.420816,delta,maze,43,12.317736910073334,0.09859657287597656,"(9.498703937544349, 6.869561756446383)","(0.591562734645226, 7.116874402855597)",True
2026-02-14T11:20:20.518892,delta,maze,43,9.694002892357608,0.0912623405456543,"(5.724580140993151, 7.140319692043805)","(2.8635359339048807, 5.1234166400069885)",True
2026-02-14T11:20:20.618776,delta,maze,43,30.034891948029095,0.09318780899047852,"(3.7098423266253846, 0.7600664938507152)","(4.771680527074446, 4.588300279485267)",True
2026-02-14T11:20:20.817969,delta,maze,43,44.07741943662262,0.19250249862670898,"(2.1020786393997617, 0.9276375633014752)","(8.102493707779649, 0.254430238473061)",True
2026-02-14T11:20:20.871217,delta,maze,43,6.15843395235504,0.046512603759765625,"(4.699149210118545, 1.5595474662290174)","(9.332373917228283, 1.627487700736069)",True
2026-02-14T11:20:20.966025,delta,maze,43,7.602454340749729,0.08806777000427246,"(3.6189960090219246, 9.158687841928693)","(0.8000831350064473, 4.448828723216045)",True
2026-02-14T11:20:21.103197,delta,maze,43,38.278103055453435,0.13025689125061035,"(8.695447798272934, 3.130169590799247)","(4.762952135786739, 3.148657566653329)",True
2026-02-14T11:20:21.258451,delta,maze,43,32.12178776098551,0.14827775955200195,"(4.363088381295991, 0.4385078153299084)","(4.381199010274651, 6.959713038011151)",True
2026-02-14T11:20:21.376187,delta,maze,43,10.077068014736133,0.11086869239807129,"(9.524804826497586, 6.487318160681191)","(2.073493862781422, 7.791741222995722)",True
2026-02-14T11:20:21.478913,delta,maze,43,10.2172879131246,0.09574246406555176,"(3.4329986258329543, 4.923877480902933)","(6.894683632089602, 1.6819512239957972)",True
2026-02-14T11:20:21.615061,delta,maze,43,34.848013630113755,0.12930727005004883,"(5.890382523095441, 1.5683391852427717)","(9.496857208969782, 3.2098427814478225)",True
2026-02-14T11:20:21.735803,delta,maze,43,12.974806373095555,0.11371970176696777,"(0.8660634321947176, 9.442193413039892)","(4.59244226965033, 5.477737499785912)",True
2026-02-14T11:20:21.822501,delta,maze,43,5.375578383630132,0.0798647403717041,"(6.787248695357166, 3.4764015476068013)","(4.69799465889959, 6.457985623068262)",True
2026-02-14T11:20:21.999769,delta,maze,43,34.464538982983626,0.17052245140075684,"(5.65613242040526, 6.681660936868893)","(2.1259137179743357, 0.2182435337343094)",True
2026-02-14T11:20:22.126628,delta,maze,43,16.36202491573698,0.11996817588806152,"(0.3819469043646425, 4.4757951383451555)","(8.600578956095767, 5.2837404216583765)",True
2026-02-14T11:20:22.220139,delta,maze,43,14.322809174714436,0.08680987358093262,"(5.149834175036776, 5.33341750194707)","(5.06090598223795, 8.686253123331836)",True
2026-02-14T11:20:22.376883,delta,maze,43,27.045867179462793,0.14987874031066895,"(1.944483451610152, 7.59798193530191)","(2.5888849863639707, 0.43132989690654433)",True
2026-02-14T11:20:22.496162,delta,maze,43,15.33969808251062,0.11229681968688965,"(8.788844494689089, 5.4629956314792345)","(0.2313014932068365, 5.612012899970401)",True
2026-02-14T11:20:22.588363,delta,maze,43,5.175855225389247,0.08530688285827637,"(6.889505646601762, 7.004604585260997)","(2.7115912033460474, 9.255311515895396)",True
2026-02-14T11:20:22.677136,delta,maze,43,14.284066261901236,0.0819244384765625,"(4.280290981309056, 6.11094071974291)","(3.1780210804280546, 0.31934401249580324)",True
2026-02-14T11:20:22.798091,delta,maze,43,8.648706474929998,0.11418819427490234,"(5.263040060802899, 9.523735016557396)","(2.658392409055955, 3.8511385310198887)",True
2026-02-14T11:20:22.977602,delta,maze,43,34.81575058400179,0.17275786399841309,"(0.6882422296658439, 4.349717012881733)","(1.9483617260794257, 0.6134380637705624)",True
2026-02-14T11:20:23.091413,delta,maze,43,31.97643594445129,0.10698628425598145,"(2.309405742971165, 4.195900382177746)","(6.370970811033123, 2.7679202739762454)",True
2026-02-14T11:20:23.208247,delta,maze,43,33.80485298143529,0.10962748527526855,"(4.297332352564089, 9.260045427353395)","(1.047524901534333, 3.9261276770723614)",True
2026-02-14T11:20:23.327396,delta,maze,43,23.447642015438728,0.11224365234375,"(7.789313355952134, 1.0074413788668937)","(5.425176846224894, 3.4388141342443803)",True
2026-02-14T11:20:23.457101,delta,maze,43,20.68992029437989,0.12281203269958496,"(0.7507684686371272, 8.768295973341855)","(6.911159445274629, 4.129848578167289)",True
2026-02-14T11:20:23.601897,delta,maze,43,38.13395581934857,0.13786792755126953,"(7.4803337326339845, 7.816070338030162)","(3.0181961462080342, 0.42555181328928116)",True
2026-02-14T11:20:23.720343,delta,maze,43,18.820623110371194,0.11165666580200195,"(7.079379185212067, 6.3822128045853255)","(0.6418188848999755, 0.5098532690791819)",True
2026-02-14T11:20:23.872604,delta,maze,43,37.72494991783492,0.14544963836669922,"(4.800669314659271, 7.898242185014092)","(0.9152174620805612, 3.429266139292792)",True
2026-02-14T11:20:23.978121,delta,maze,43,6.914010676072645,0.09863114356994629,"(9.240522632354503, 6.4264848623334085)","(4.247780939778381, 9.421968253117392)",True
2026-02-14T11:20:24.077080,delta,maze,43,13.207390532903444,0.09221911430358887,"(1.4070743652144138, 6.424030200043316)","(7.016902778456819, 7.543459341730777)",True
2026-02-14T11:20:24.177301,delta,maze,43,9.289673547952363,0.09337639808654785,"(5.989343547294706, 1.8556937769649051)","(0.5289074252693117, 2.563214984798304)",True
2026-02-14T11:20:24.365757,delta,maze,43,43.562904049569255,0.1816577911376953,"(8.698652958056975, 0.4043645741990308)","(2.824189678075322, 0.9208017393021949)",True
2026-02-14T11:20:24.520068,delta,maze,43,32.46983940036695,0.1473853588104248,"(4.849578736960643, 2.899026825873872)","(8.63928697601086, 7.070451466062775)",True
2026-02-14T11:20:24.659822,delta,maze,43,27.62693777178865,0.13291549682617188,"(1.9357182568183373, 6.072199342893447)","(1.3239170965172222, 2.918747729422605)",True
2026-02-14T11:20:24.854190,delta,maze,43,33.60262159470636,0.18719983100891113,"(9.165238301158984, 0.49443648507072996)","(7.928074497484282, 6.12854076123572)",True
2026-02-14T11:20:24.972002,delta,maze,43,18.273598948613444,0.1108710765838623,"(1.7037309819606434, 6.7968800557197335)","(6.565710554895972, 0.311100524444554)",True
2026-02-14T11:20:25.079778,delta,maze,43,13.044148663356737,0.10081028938293457,"(5.525701967249427, 9.115383648966187)","(5.618344535551353, 4.216172511469111)",True
2026-02-14T11:20:25.180259,delta,maze,43,4.326277400393092,0.09360885620117188,"(1.4682854548886566, 6.242727544793012)","(3.7931078405793697, 2.9473999610057064)",True
2026-02-14T11:20:25.342549,delta,maze,43,34.43961171999397,0.15553855895996094,"(1.137512850772218, 2.9578700331933248)","(5.577280384485243, 8.801927210969824)",True
2026-02-14T11:20:25.489930,delta,maze,43,32.80918032893908,0.14045929908752441,"(7.265397318394357, 6.790905544132251)","(3.672134531277148, 1.7280032430825452)",True
2026-02-14T11:20:25.623699,delta,maze,43,31.155615298408716,0.12687158584594727,"(7.625417528182396, 5.515440153502577)","(8.352206105664576, 1.5735256463372398)",True
2026-02-14T11:20:25.728688,delta,maze,43,11.429785400642094,0.09804892539978027,"(8.310302152600118, 2.85440746642425)","(3.109760020963994, 7.613028605607535)",True
2026-02-14T11:20:25.829185,delta,maze,43,10.6853220611715,0.09348607063293457,"(3.3350532981909953, 7.97585586678113)","(1.1496196766235105, 7.566817865669209)",True
2026-02-14T11:20:25.939625,delta,maze,43,18.162787736252273,0.10267782211303711,"(3.570916280023106, 2.627216977399716)","(5.802783979614694, 3.014185346174437)",True
2026-02-14T11:20:26.048022,delta,maze,43,7.729459419618273,0.10153698921203613,"(6.310290158080307, 7.01722806156542)","(8.750936041453654, 3.133024895854613)",True
2026-02-14T11:20:26.195675,delta,maze,43,17.224838030147097,0.14085841178894043,"(5.567918413508954, 3.620243145179036)","(9.40666910715982, 7.899968573879595)",True
2026-02-14T11:20:26.287243,delta,maze,43,12.203998583742433,0.08477306365966797,"(5.529918000959558, 6.655751507123583)","(1.1753204279302845, 5.094522542457033)",True
2026-02-14T11:20:26.389661,delta,maze,43,14.904072039037553,0.09540295600891113,"(4.3851879704207555, 1.90143997525134)","(3.9733779238165785, 4.907570774621824)",True
2026-02-14T11:20:26.521596,delta,maze,43,12.911725794340866,0.12495827674865723,"(4.814990739490832, 5.455271797261243)","(0.5237656075616798, 9.363115285090652)",True
2026-02-14T11:20:26.730772,delta,maze,43,43.57706906833102,0.20168590545654297,"(1.1341626014333208, 0.3546206042793935)","(9.412639528791924, 8.439067157253092)",True
2026-02-14T11:20:26.851976,delta,maze,43,17.417001848483853,0.11365962028503418,"(5.734368742483107, 5.377091578584703)","(7.920154903513143, 6.732243149448304)",True
2026-02-14T11:20:26.976989,delta,maze,43,23.51937263546194,0.11803436279296875,"(1.977830367045853, 8.721364329004384)","(5.086537621548357, 1.912150581520961)",True
2026-02-14T11:20:27.073645,delta,maze,43,8.04772601871964,0.0897989273071289,"(5.8877437442574045, 8.018888417820934)","(2.3595439895807413, 5.470492101297242)",True
2026-02-14T11:20:27.180635,delta,maze,43,9.98920087245777,0.10019207000732422,"(2.9167864548044737, 9.503736943549642)","(5.5899883865714575, 3.8847506261069142)",True
2026-02-14T11:20:27.338000,delta,maze,43,30.516759614629127,0.1505107879638672,"(7.820741376925224, 5.995215964513895)","(8.923491181945186, 9.29543096796504)",True
2026-02-14T11:20:27.495736,delta,maze,43,34.14115494985272,0.15084576606750488,"(7.94721110367524, 0.7792954068831669)","(7.117785263390867, 3.7517444137467137)",True
2026-02-14T11:20:27.596821,delta,maze,43,7.129526386772351,0.09404969215393066,"(7.667760742728835, 4.710532882655945)","(4.969358647761484, 2.899457965594626)",True
2026-02-14T11:20:27.668436,delta,maze,43,2.498496723685993,0.06471896171569824,"(7.229514915186814, 0.5676072363895901)","(8.310130611025231, 2.563711380083967)",True
2026-02-14T11:20:27.795234,delta,maze,43,3.123254078195549,0.11962747573852539,"(1.8756958487173865, 0.3712901289139073)","(4.355884187897123, 2.2493613919302846)",True
2026-02-14T11:20:27.901704,delta,maze,43,19.152598408952638,0.09964442253112793,"(6.830162614074735, 8.053110237188003)","(5.2517107177646025, 3.5286270439069973)",True
2026-02-14T11:20:28.008630,delta,maze,43,8.120366613939947,0.10004281997680664,"(5.266762670238912, 1.2867952204042057)","(5.6778696172238785, 6.272039080190874)",True
2026-02-14T11:20:28.101374,delta,maze,43,19.49367994618357,0.0857400894165039,"(7.244406170071503, 2.01029742642921)","(2.378523595252481, 7.3927045316515505)",True
2026-02-14T11:20:28.204448,delta,maze,43,11.668471354244156,0.09643793106079102,"(7.93039508405272, 3.15180394986364)","(1.1988218087599287, 3.77142768177911)",True
2026-02-14T11:20:28.274861,delta,maze,43,8.358957710374426,0.06349897384643555,"(4.623396921091167, 2.105583940598986)","(1.2707054231392267, 1.5794092553422965)",True
2026-02-14T11:20:28.385169,delta,maze,43,30.647136030680734,0.1030890941619873,"(7.675913883468404, 4.304682359965503)","(6.341859448576908, 9.045819042271754)",True
2026-02-14T11:20:28.484993,delta,maze,43,19.196073616334036,0.08591961860656738,"(5.654349779160463, 0.3230720301694608)","(2.3430599927363502, 6.639759117628827)",True
2026-02-14T11:20:28.600630,delta,maze,43,19.896641758103428,0.10887575149536133,"(8.258339363096677, 3.1360635725145984)","(2.7373403388559256, 2.7776423550846574)",True
2026-02-14T11:20:28.764206,delta,maze,43,38.19406521762947,0.15671825408935547,"(7.4969942345381515, 6.939426970942758)","(0.44613049277382516, 3.4932448883109632)",True
2026-02-14T11:20:28.895236,delta,maze,43,19.78470898642872,0.1240546703338623,"(6.883275370860287, 5.4668819536554984)","(9.26154274777745, 6.514628736162689)",True
2026-02-14T11:20:28.981061,delta,maze,43,2.2221251803982467,0.07895660400390625,"(9.07734231208066, 2.7146504898740327)","(7.559507102591769, 1.3310496670628864)",True
2026-02-14T11:20:29.088100,delta,maze,43,11.251382793563964,0.09975719451904297,"(6.776399395438329, 6.191298564274303)","(2.7861301618037055, 4.702584530144792)",True
2026-02-14T11:20:29.182004,delta,maze,43,7.468444867507538,0.08661389350891113,"(8.714280877703429, 6.7602006323297585)","(4.57746407595239, 8.443121074959931)",True
2026-02-14T11:20:29.247077,delta,maze,43,7.426803480196769,0.05812215805053711,"(5.268195579840701, 5.8603589023185165)","(6.169302198244215, 1.5735612943045099)",True
2026-02-14T11:20:29.299149,delta,maze,43,3.510763353864001,0.04515361785888672,"(0.7788011490877612, 5.180467354361858)","(1.394417416135994, 8.538644257497781)",True
2026-02-14T11:20:29.424271,delta,maze,43,16.72375943937437,0.11843299865722656,"(0.5577360912304669, 6.187394828922081)","(6.743863191525875, 9.480425027637933)",True
2026-02-14T11:20:29.518702,delta,maze,43,17.757301603292458,0.08753490447998047,"(3.4345320345812835, 6.361000241153323)","(2.2856497980832806, 2.8829729410208498)",True
2026-02-14T11:20:29.621193,delta,maze,43,8.868728517244493,0.0955817699432373,"(7.885025469052694, 5.268939228274257)","(5.656520502847123, 5.309962170236283)",True
2026-02-14T11:20:29.746504,delta,maze,43,24.474977009606764,0.1184086799621582,"(2.208258926683259, 0.6339656061439322)","(3.0850020516556182, 5.275528812493289)",True
2026-02-14T11:20:30.586464,delta,maze,114,33.70380467485816,0.12066173553466797,"(1.4859932783164378, 8.513703751264865)","(9.073660877872955, 4.786449140976308)",True
2026-02-14T11:20:30.725935,delta,maze,114,38.49498781970697,0.1322948932647705,"(7.50183079758465, 3.5458598056239494)","(1.305406060910075, 5.112601944777652)",True
2026-02-14T11:20:30.849174,delta,maze,114,9.068806576996817,0.11610794067382812,"(7.0664018519458285, 2.055937720326244)","(6.018375025992132, 0.7376884932749462)",True
2026-02-14T11:20:30.969856,delta,maze,114,8.763813751431824,0.11347079277038574,"(4.25231712975185, 2.010180182602783)","(8.183026885332406, 4.318139674743824)",True
2026-02-14T11:20:31.160268,delta,maze,114,38.52334593781904,0.18317008018493652,"(4.5124897862163875, 6.998940275331216)","(9.530188669643552, 7.136160057935361)",True
2026-02-14T11:20:31.256942,delta,maze,114,13.929731569907242,0.08955121040344238,"(0.9128125552059769, 2.1257442088360508)","(3.680535770008191, 8.285094286796356)",True
2026-02-14T11:20:31.403637,delta,maze,114,30.404134410544113,0.13958501815795898,"(2.9167397341447656, 6.324680860950537)","(7.698903973161649, 2.6656152323180224)",True
2026-02-14T11:20:31.470567,delta,maze,114,9.3802848367544,0.05966520309448242,"(7.4497681262665125, 3.2520004022679507)","(8.901923271957449, 9.062793238679728)",True
2026-02-14T11:20:31.600600,delta,maze,114,28.276481398572674,0.12275981903076172,"(4.515301495370998, 5.3533326824232725)","(8.52909875720568, 1.7377989396682347)",True
2026-02-14T11:20:31.737258,delta,maze,114,37.874270831093014,0.12940168380737305,"(4.577579458480216, 1.4464334234653333)","(2.0589822712660095, 0.23957254279135626)",True
2026-02-14T11:20:31.853563,delta,maze,114,22.245784176816912,0.10883712768554688,"(5.663998120259727, 4.639990861291471)","(3.7450679553951716, 3.895933760786623)",True
2026-02-14T11:20:31.959829,delta,maze,114,3.9815327209055313,0.09916830062866211,"(4.437106959226198, 3.9905976825606473)","(4.606770957533568, 0.41559547329984153)",True
2026-02-14T11:20:32.100556,delta,maze,114,38.75981752271529,0.13372159004211426,"(3.0767479600932486, 4.841257289859802)","(6.673707334504517, 2.1319463828040996)",True
2026-02-14T11:20:32.221693,delta,maze,114,29.936064744441545,0.11387324333190918,"(3.840271478810147, 2.806552803656809)","(3.4120013615036546, 0.5276034456933834)",True
2026-02-14T11:20:32.332477,delta,maze,114,12.597248943719272,0.10362005233764648,"(0.8418211984081703, 8.353229782852289)","(6.28864474025742, 7.098910337484224)",True
2026-02-14T11:20:32.416092,delta,maze,114,5.278823798109139,0.07660937309265137,"(3.4238114705338853, 3.7726660013587976)","(4.88464942260182, 8.358535669463661)",True
2026-02-14T11:20:32.497559,delta,maze,114,4.025775241724317,0.0744023323059082,"(6.6531408502497955, 7.533926672577148)","(5.856518814302756, 5.363006876854853)",True
2026-02-14T11:20:32.644665,delta,maze,114,26.5373063397814,0.14005255699157715,"(3.3507239409062293, 8.582988429886184)","(9.456713538371886, 1.29694211431173)",True
2026-02-14T11:20:32.798927,delta,maze,114,23.717137942111385,0.14713335037231445,"(5.003721290568076, 0.5781079033544306)","(3.9631333150716483, 7.84378732029565)",True
2026-02-14T11:20:32.925119,delta,maze,114,41.663733293715055,0.11912131309509277,"(7.547176424284551, 2.8972126228555672)","(0.9486436947490455, 3.1732593913706153)",True
2026-02-14T11:20:33.078474,delta,maze,114,38.83854616988124,0.14624500274658203,"(0.6225289086209002, 5.175461362526333)","(7.566990451880689, 4.63641526439726)",True
2026-02-14T11:20:33.152076,delta,maze,114,7.3335655763366,0.06634879112243652,"(3.714803378053987, 2.0878627850557567)","(4.354758857240968, 4.695168019647166)",True
2026-02-14T11:20:33.259732,delta,maze,114,16.006726979460375,0.1006157398223877,"(4.3772874180563655, 8.226955499768277)","(1.506694864559319, 0.3299889442324804)",True
2026-02-14T11:20:33.370829,delta,maze,114,20.23916862935797,0.10376453399658203,"(3.9413207354952298, 4.366505862146092)","(5.364630324883746, 5.990282057875409)",True
2026-02-14T11:20:33.480876,delta,maze,114,16.023976052807978,0.10296297073364258,"(2.230370668761185, 8.466344476432923)","(5.026915722131758, 3.464022616416807)",True
2026-02-14T11:20:33.643981,delta,maze,114,39.221091631699416,0.15606689453125,"(6.917232357508164, 1.8945257066658945)","(2.4449843326948484, 5.195105466492551)",True
2026-02-14T11:20:33.788648,delta,maze,114,34.981687687607,0.13750338554382324,"(7.409378573022063, 5.501446047124957)","(3.611907303969674, 6.948732486661747)",True
2026-02-14T11:20:33.904083,delta,maze,114,15.169289937975062,0.1082456111907959,"(5.863026259249277, 8.078272377002655)","(3.1663919722771374, 8.708483190124657)",True
2026-02-14T11:20:34.024974,delta,maze,114,16.50652764416014,0.11376547813415527,"(2.1159178611464937, 2.523381576939215)","(7.097789355694959, 5.3555900014034)",True
2026-02-14T11:20:34.139650,delta,maze,114,15.488990026780657,0.10749030113220215,"(7.384896955330756, 7.032435848172065)","(4.58572171422723, 6.372190674128288)",True
2026-02-14T11:20:34.236775,delta,maze,114,13.160855422238036,0.0900259017944336,"(6.898295145930835, 4.661700204858581)","(5.253406791481215, 2.1683246448327025)",True
2026-02-14T11:20:34.337712,delta,maze,114,3.8185968472016816,0.0937795639038086,"(3.148244341044179, 9.41175613685529)","(1.7391057893980948, 8.412883082931833)",True
2026-02-14T11:20:34.454905,delta,maze,114,11.255882750741177,0.11012768745422363,"(2.593499551458382, 2.1028474709094835)","(6.251410834627735, 8.302566986305761)",True
2026-02-14T11:20:34.620079,delta,maze,114,41.47554234001313,0.15799355506896973,"(1.9007277949463517, 3.338725917726815)","(1.4939886251143615, 0.38796033489714515)",True
2026-02-14T11:20:34.724275,delta,maze,114,2.0104865213237084,0.09709286689758301,"(3.840387538002164, 5.2566399655767455)","(4.6226025404524655, 7.028845115697824)",True
2026-02-14T11:20:34.857657,delta,maze,114,12.816782399960616,0.1262967586517334,"(5.875401591808359, 5.244560004395685)","(0.5305861839694446, 8.386221417240959)",True
2026-02-14T11:20:35.002430,delta,maze,114,32.75296342145756,0.13780474662780762,"(7.908791171954975, 4.030689402556177)","(3.4733501543448737, 4.841635022029052)",True
2026-02-14T11:20:35.093829,delta,maze,114,14.665245243972972,0.0841834545135498,"(0.7117504593297387, 1.6602099608042593)","(3.414151033514221, 8.553668535781023)",True
2026-02-14T11:20:35.217451,delta,maze,114,26.74005759508536,0.11648893356323242,"(5.03368281361129, 2.0943880391244303)","(2.8230224932786188, 3.7959374327480724)",True
2026-02-14T11:20:35.349917,delta,maze,114,26.96558777670608,0.12543702125549316,"(7.113856715291808, 1.0116819787436053)","(3.4378780934074076, 5.32016076385401)",True
2026-02-14T11:20:35.518182,delta,maze,114,37.72189493498103,0.1610729694366455,"(9.059803860084855, 6.949518859672177)","(1.3133790586555905, 6.264054029553696)",True
2026-02-14T11:20:35.615867,delta,maze,114,8.992413147804966,0.09061956405639648,"(3.5889425291127206, 1.3729953075475958)","(8.159383079880401, 4.435440858170466)",True
2026-02-14T11:20:35.751659,delta,maze,114,18.101865918726272,0.12874746322631836,"(6.683248603504874, 9.489324508501822)","(9.329869686737078, 1.1623382517429586)",True
2026-02-14T11:20:35.881437,delta,maze,114,24.25757017600137,0.12267827987670898,"(7.952247303075685, 3.8427366774371965)","(0.9421088823555878, 9.237424672989302)",True
2026-02-14T11:20:35.985225,delta,maze,114,17.40522053873887,0.09654641151428223,"(6.918394726155918, 5.3010723832297595)","(2.2293089262178616, 3.709324565405967)",True
2026-02-14T11:20:36.089918,delta,maze,114,6.429321962849537,0.09764814376831055,"(5.324322504642411, 5.956134159872943)","(6.370903335537218, 9.406024320273909)",True
2026-02-14T11:20:36.206994,delta,maze,114,16.114507072051342,0.1100773811340332,"(2.0993610701778818, 6.136450178213708)","(6.250465158579778, 6.0224054805690335)",True
2026-02-14T11:20:36.327836,delta,maze,114,33.24100803620573,0.11361432075500488,"(0.24861157058262054, 4.390423703074386)","(6.066655394590191, 1.5292665670921124)",True
2026-02-14T11:20:36.445570,delta,maze,114,12.498094264247356,0.11047887802124023,"(1.2752454645062339, 9.357133288069404)","(5.887911920280213, 4.308957445157465)",True
2026-02-14T11:20:36.600632,delta,maze,114,37.6238155837165,0.14811229705810547,"(3.500366688101665, 4.631375779380198)","(6.192100424674188, 2.1920890487228712)",True
2026-02-14T11:20:36.765374,delta,maze,114,44.49456082225423,0.15767216682434082,"(8.164224808581285, 5.277065187682678)","(0.49388812522253683, 4.865093624586212)",True
2026-02-14T11:20:36.895677,delta,maze,114,24.086187821040163,0.12308478355407715,"(3.4591175932865923, 6.966879370347456)","(1.6608712931424603, 0.5236904156117231)",True
2026-02-14T11:20:37.029894,delta,maze,114,24.637904704439404,0.1270759105682373,"(6.748474699995965, 9.346072941933713)","(7.9594781892894115, 5.426254469164847)",True
2026-02-14T11:20:37.118986,delta,maze,114,15.091248123040202,0.08204841613769531,"(6.92981290632732, 1.1042747934807056)","(7.649345119569481, 7.461096528123781)",True
2026-02-14T11:20:37.194489,delta,maze,114,13.198184155909228,0.06843042373657227,"(7.490106452768494, 8.270613260770284)","(3.536413393166505, 2.1613673128088156)",True
2026-02-14T11:20:37.281336,delta,maze,114,14.473018601310955,0.07965970039367676,"(4.9358793469117455, 9.36563643219506)","(3.9534101816906437, 1.564428824486699)",True
2026-02-14T11:20:37.397878,delta,maze,114,13.960490393185726,0.10947489738464355,"(8.134421661971524, 5.398166303205352)","(4.637380560487897, 0.8113637922776668)",True
2026-02-14T11:20:37.477924,delta,maze,114,3.0890227715980036,0.07294750213623047,"(2.815475844839773, 5.359461267852292)","(0.5378931115710631, 4.002696099001645)",True
2026-02-14T11:20:37.572958,delta,maze,114,28.531750344655286,0.088043212890625,"(0.7041248821905963, 4.120993263081806)","(5.22818320626177, 4.744548753052273)",True
2026-02-14T11:20:37.670316,delta,maze,114,5.539316009436551,0.09025096893310547,"(6.083780525281172, 2.071443607011373)","(8.113226384299724, 4.661267248607353)",True
2026-02-14T11:20:37.783882,delta,maze,114,22.493272825016867,0.10631418228149414,"(2.560902451293266, 9.173579653103163)","(7.8122083738811545, 4.484874262638204)",True
2026-02-14T11:20:37.932383,delta,maze,114,42.53611396921743,0.14139056205749512,"(8.391555888065561, 8.275509569946475)","(0.32370017572682425, 6.302646494979527)",True
2026-02-14T11:20:38.019425,delta,maze,114,21.293636011718128,0.0799560546875,"(9.03326238252139, 5.173086770866738)","(1.2636026667502582, 3.785139110709016)",True
2026-02-14T11:20:38.132927,delta,maze,114,14.921113354769586,0.10644698143005371,"(6.964310487948743, 5.224383655800596)","(4.731558560519867, 3.176246151499156)",True
2026-02-14T11:20:38.248362,delta,maze,114,22.95619792528499,0.10841512680053711,"(4.499892165693971, 8.463179783627558)","(7.159766288336002, 1.1323536475939033)",True
2026-02-14T11:20:38.343104,delta,maze,114,12.326041456068992,0.08763408660888672,"(5.162823325857239, 8.023123925898858)","(1.378067792346528, 2.2408072572865168)",True
2026-02-14T11:20:38.463031,delta,maze,114,9.034384631392768,0.11277341842651367,"(6.426566330683935, 6.208739631850989)","(7.83682001881543, 0.32597532439735666)",True
2026-02-14T11:20:38.588933,delta,maze,114,10.10657555438592,0.11896419525146484,"(7.473362300377573, 5.9722005131513525)","(2.713730085352548, 1.3128654673288083)",True
2026-02-14T11:20:38.729845,delta,maze,114,17.533100068953797,0.13376951217651367,"(7.69899888657902, 8.950862372731205)","(2.904142491756361, 2.9848443552204795)",True
2026-02-14T11:20:38.840054,delta,maze,114,17.072294483687163,0.10323596000671387,"(8.7971786614692, 5.820055818969086)","(3.7234199245256705, 0.5556712173926517)",True
2026-02-14T11:20:38.961281,delta,maze,114,43.72950320155849,0.11414241790771484,"(9.087853307540147, 5.028627305618755)","(3.055347364573908, 4.4424981657038245)",True
2026-02-14T11:20:39.056251,delta,maze,114,14.139431824097777,0.08788609504699707,"(7.179918745326793, 7.688138475734931)","(5.066584458559554, 6.745223519881575)",True
2026-02-14T11:20:39.178875,delta,maze,114,34.89351451354516,0.11553788185119629,"(8.852123419672552, 3.959065691088451)","(3.1698942502258536, 4.38959853761511)",True
2026-02-14T11:20:39.336777,delta,maze,114,34.70558981138812,0.15073728561401367,"(5.424690951402931, 3.2210826419973895)","(0.5899523010290186, 0.36743359962462)",True
2026-02-14T11:20:39.407489,delta,maze,114,5.258278030736185,0.06370401382446289,"(8.218940975904005, 3.7728353251147597)","(6.820705508638475, 0.8664561856217919)",True
2026-02-14T11:20:39.551947,delta,maze,114,14.500608755885498,0.13752484321594238,"(6.4165897647471795, 3.4245279927216417)","(1.9782705590659, 1.9243388698416866)",True
2026-02-14T11:20:39.703396,delta,maze,114,31.51395570268565,0.13714075088500977,"(5.002517166277356, 8.282820131503135)","(6.759275531702245, 2.354333913400715)",True
2026-02-14T11:20:39.827967,delta,maze,114,11.166120767134988,0.11751198768615723,"(3.428026752385565, 2.635401698865948)","(1.5071336765913388, 9.329420739414202)",True
2026-02-14T11:20:39.918099,delta,maze,114,3.890739270043155,0.08310556411743164,"(4.417314924618203, 8.776607627090195)","(4.734896673739332, 5.204188864925708)",True
2026-02-14T11:20:40.015636,delta,maze,114,21.632192161254377,0.0904531478881836,"(3.682668657251506, 6.682556661755526)","(5.573973792222415, 2.3209057994305677)",True
2026-02-14T11:20:40.129539,delta,maze,114,27.25895268003621,0.10703682899475098,"(3.167922286158446, 5.009585088414991)","(4.266670697107208, 3.4407289614296857)",True
2026-02-14T11:20:40.249503,delta,maze,114,13.797169138431519,0.11274027824401855,"(2.5409928541482687, 7.0520540317625695)","(7.385708273219114, 5.976724272818763)",True
2026-02-14T11:20:40.386147,delta,maze,114,20.18194290158802,0.12970757484436035,"(4.584558038889646, 2.7677723380343444)","(1.8867214391780809, 6.350986800922619)",True
2026-02-14T11:20:40.519008,delta,maze,114,28.027367780039395,0.1258530616760254,"(7.167014133498391, 0.9534240499196102)","(3.6014378747267344, 3.876146807754531)",True
2026-02-14T11:20:40.635190,delta,maze,114,22.537585613943158,0.10906696319580078,"(0.5694896529648446, 4.129988290810888)","(6.980937996901499, 8.38331841235579)",True
2026-02-14T11:20:40.718168,delta,maze,114,10.32982015632216,0.07581853866577148,"(6.813160676528687, 7.963040741621068)","(2.626379072564823, 8.217234623754047)",True
2026-02-14T11:20:40.816194,delta,maze,114,22.964690975757676,0.09101343154907227,"(8.53024564395015, 2.8825172785644204)","(1.172474872238448, 8.241515586979197)",True
2026-02-14T11:20:40.963144,delta,maze,114,31.82403249858225,0.13983416557312012,"(9.292896587873788, 8.39532950983326)","(2.535089838272583, 9.364415441925594)",True
2026-02-14T11:20:41.043840,delta,maze,114,2.6428394842687504,0.07360553741455078,"(8.072900258877862, 4.675061416341831)","(9.180067719428138, 2.411642215939877)",True
2026-02-14T11:20:41.157747,delta,maze,114,31.737344666343553,0.10690855979919434,"(2.31962386873125, 0.48900565337032786)","(5.1251108252638, 5.301125490568968)",True
2026-02-14T11:20:41.254632,delta,maze,114,5.5417245408390325,0.08979606628417969,"(3.323390375577735, 1.290129424948478)","(5.271930919951742, 4.348718897420417)",True
2026-02-14T11:20:41.371420,delta,maze,114,15.201170657992742,0.10979747772216797,"(3.571012960389468, 5.360497523391586)","(7.73436997647501, 8.619036214636692)",True
2026-02-14T11:20:41.489546,delta,maze,114,10.399765338593985,0.11103177070617676,"(6.0276041941559235, 6.370665787445428)","(1.2666173799867835, 9.297712878603383)",True
2026-02-14T11:20:41.592602,delta,maze,114,3.442652451812788,0.09598040580749512,"(5.825450920632567, 0.5073784970658423)","(4.388329098319601, 3.6070583593087737)",True
2026-02-14T11:20:41.716255,delta,maze,114,6.268076195110122,0.11664748191833496,"(5.247358298316474, 6.840322855504192)","(0.5319571959205517, 9.287840162000698)",True
2026-02-14T11:20:41.850488,delta,maze,114,17.84218802789713,0.12709856033325195,"(2.98374898035926, 1.630854949381068)","(9.03440022198021, 6.937579383458248)",True
2026-02-14T11:20:41.960720,delta,maze,114,6.308876192520486,0.10305452346801758,"(4.406594465449726, 4.4443717175496955)","(2.821822951560117, 1.1535341967448882)",True
2026-02-14T11:20:42.107028,delta,maze,114,36.65685667261567,0.1393587589263916,"(3.6531948381660873, 2.2306358011750484)","(0.43664200307173406, 2.9112915696398254)",True
2026-02-14T11:20:42.226360,delta,maze,114,25.67134463879575,0.11215734481811523,"(6.661591064636405, 4.405628017491902)","(3.6061962147492417, 9.32890721433226)",True
2026-02-14T11:20:42.335013,delta,maze,114,22.442154025399283,0.10150146484375,"(5.498291823037978, 2.329960343064442)","(0.7176983776549922, 5.8777287070351605)",True
2026-02-14T11:20:43.206685,delta,maze,520,44.64516019116084,0.16920924186706543,"(4.330806305246296, 2.0350755429133853)","(6.42216294773749, 3.0605704047095226)",True
2026-02-14T11:20:43.305461,delta,maze,520,2.321719360945884,0.0916910171508789,"(0.5842035907594892, 3.663753950240991)","(2.0074647250074737, 2.0413791448079404)",True
2026-02-14T11:20:43.416802,delta,maze,520,11.331794703338835,0.10436820983886719,"(4.416523798619325, 0.5379526980129273)","(0.27830729143359073, 4.555696411382036)",True
2026-02-14T11:20:43.503363,delta,maze,520,12.035879852969394,0.07959103584289551,"(5.747720030961169, 5.835135466399904)","(2.113023863962896, 4.293509430862421)",True
2026-02-14T11:20:43.617649,delta,maze,520,4.996861228245603,0.10730886459350586,"(9.400482085083553, 3.956297096263979)","(7.905188767866028, 1.6904393595361262)",True
2026-02-14T11:20:43.797412,delta,maze,520,39.29733368464455,0.17273402214050293,"(2.5857485070148685, 3.833079363733862)","(4.910812425685738, 4.3941839536954195)",True
2026-02-14T11:20:43.897294,delta,maze,520,16.980075996763237,0.09284543991088867,"(5.059739203582056, 0.709146266709617)","(2.839246391141206, 7.354260141921323)",True
2026-02-14T11:20:44.072732,delta,maze,520,46.13626825106479,0.1682758331298828,"(6.917097314377096, 1.8703731571587825)","(7.2508327832646415, 3.459094979741736)",True
2026-02-14T11:20:44.227024,delta,maze,520,41.01523937498958,0.14710426330566406,"(6.911846537167211, 3.1747157348963424)","(0.2720396297214936, 3.995058537802454)",True
2026-02-14T11:20:44.334445,delta,maze,520,2.5585618591571735,0.10031771659851074,"(6.8592401029547005, 8.479115826831375)","(7.830638552635359, 6.516595126573164)",True
2026-02-14T11:20:44.445259,delta,maze,520,15.266971446034415,0.10346841812133789,"(6.28396429940427, 6.7065721970342445)","(8.318212507469704, 0.44400084567762743)",True
2026-02-14T11:20:44.545484,delta,maze,520,25.046252858807723,0.09312558174133301,"(5.953192791954534, 4.6232805850689545)","(5.329746004655385, 0.6677376894104257)",True
2026-02-14T11:20:44.666600,delta,maze,520,14.237983094819628,0.11412787437438965,"(2.839943521222555, 7.6101144699644285)","(6.471544965456136, 1.8760516939301275)",True
2026-02-14T11:20:44.832562,delta,maze,520,31.10432914796368,0.15223288536071777,"(7.57744266290018, 1.4243777432475784)","(0.5163013289596646, 8.054422192661782)",True
2026-02-14T11:20:44.977274,delta,maze,520,25.222550737593536,0.13762617111206055,"(1.0201749271892098, 6.458388162068883)","(7.6920769858343085, 9.535215200361245)",True
2026-02-14T11:20:45.090670,delta,maze,520,23.167309089642288,0.10636258125305176,"(1.4610573066758235, 2.6985058911930815)","(6.202367355836822, 6.802851872673356)",True
2026-02-14T11:20:45.275454,delta,maze,520,35.48936845553371,0.17785072326660156,"(0.23106932503214597, 2.6859590206714814)","(8.982632840034947, 2.074898762385661)",True
2026-02-14T11:20:45.382100,delta,maze,520,3.2881937134543344,0.099761962890625,"(4.903457883156754, 4.5115054903970515)","(7.946588390023186, 3.9383787593949)",True
2026-02-14T11:20:45.507554,delta,maze,520,21.969556391364275,0.11847448348999023,"(0.6774311850007343, 9.436591432159947)","(8.872632065667982, 9.36341842903665)",True
2026-02-14T11:20:45.687681,delta,maze,520,48.27989773951749,0.17313337326049805,"(9.459384487690697, 1.3197210664832246)","(2.047462592371952, 1.4256862468667624)",True
2026-02-14T11:20:45.820892,delta,maze,520,23.863245183615213,0.12604308128356934,"(6.881632366507928, 5.915392500884723)","(5.405187402625979, 3.9584699960767793)",True
2026-02-14T11:20:45.944454,delta,maze,520,14.143302601602286,0.11650300025939941,"(4.749437451924931, 4.348812451376332)","(8.509764158112155, 8.166872337602712)",True
2026-02-14T11:20:46.115761,delta,maze,520,38.50406753428079,0.16434359550476074,"(6.305912589428921, 3.0840411196196427)","(2.1249054558000453, 3.6767797441985675)",True
2026-02-14T11:20:46.235507,delta,maze,520,13.126825106205967,0.11282491683959961,"(4.85967327229642, 1.0750007802277102)","(3.1497378531496008, 4.450552854391864)",True
2026-02-14T11:20:46.338464,delta,maze,520,20.630282671264503,0.09595751762390137,"(5.509445417737771, 6.010955303751835)","(8.415174864541195, 2.1721901291062533)",True
2026-02-14T11:20:46.471534,delta,maze,520,31.243444508366967,0.12610673904418945,"(9.534374897690148, 7.381010730610241)","(0.6603424355286818, 3.5506467792986367)",True
2026-02-14T11:20:46.608970,delta,maze,520,32.20888608413858,0.1304330825805664,"(0.6505848423502641, 2.939738144114856)","(8.402816653390628, 4.904775779098039)",True
2026-02-14T11:20:46.715210,delta,maze,520,14.750440669961725,0.09936285018920898,"(1.783619204989628, 5.319752837241231)","(6.994156910581904, 6.077207944453248)",True
2026-02-14T11:20:46.836298,delta,maze,520,22.541338829164935,0.11417675018310547,"(5.271843102910663, 6.754908737947242)","(5.597018714776047, 1.3896964861606074)",True
2026-02-14T11:20:46.925959,delta,maze,520,17.712092357667423,0.08265566825866699,"(7.011828637889978, 4.745719878928814)","(8.52963452013106, 3.0707649989857018)",True
2026-02-14T11:20:47.025334,delta,maze,520,2.5191301214260595,0.09249091148376465,"(0.6819155339998779, 3.1141025189312983)","(1.9910925639615413, 4.1491540806366025)",True
2026-02-14T11:20:47.146101,delta,maze,520,15.289207649251072,0.11384177207946777,"(7.945833822050489, 7.538003559564076)","(3.563824343640312, 5.31616262854394)",True
2026-02-14T11:20:47.257898,delta,maze,520,32.515839559391374,0.10483455657958984,"(0.7742369578035482, 2.3394525949098433)","(8.827929005478234, 5.09281168947966)",True
2026-02-14T11:20:47.343342,delta,maze,520,9.368825416902961,0.07855939865112305,"(5.550516878878508, 0.6635292383821645)","(0.3640166973438675, 3.5890562790269818)",True
2026-02-14T11:20:47.447753,delta,maze,520,7.88409816253254,0.09743332862854004,"(7.797328985236509, 7.070173904322548)","(3.8429757206513657, 7.856370794482118)",True
2026-02-14T11:20:47.570431,delta,maze,520,22.045527465542477,0.11575174331665039,"(5.543733899249082, 7.8796198358147755)","(6.069295389579552, 1.3238231228798483)",True
2026-02-14T11:20:47.719690,delta,maze,520,24.832981990078032,0.14240455627441406,"(9.289539362087101, 4.175942459988641)","(2.8017496395054997, 7.613278782443218)",True
2026-02-14T11:20:47.848853,delta,maze,520,22.544958628015106,0.1222081184387207,"(8.700546604067839, 7.9421962228358)","(0.6246186358025527, 8.653283382007157)",True
2026-02-14T11:20:48.028123,delta,maze,520,40.44616662012071,0.17223119735717773,"(0.2865096052949616, 5.081279598667302)","(3.2839137794709887, 2.6681472829182273)",True
2026-02-14T11:20:48.139238,delta,maze,520,14.16402118097465,0.10417342185974121,"(5.059117116217239, 8.536748405612975)","(3.599829200399573, 9.38204599032483)",True
2026-02-14T11:20:48.277343,delta,maze,520,26.66837394103131,0.13126754760742188,"(8.733748652960838, 7.843410838727502)","(1.9559139143493331, 4.36633654855421)",True
2026-02-14T11:20:48.356613,delta,maze,520,12.881184290461121,0.07243633270263672,"(9.220798941134445, 3.4454018645215685)","(7.244771191907096, 8.249735745907415)",True
2026-02-14T11:20:48.462182,delta,maze,520,10.978201436348218,0.0986638069152832,"(2.987874227396919, 9.122534888861024)","(0.5219206538553604, 2.156217153905235)",True
2026-02-14T11:20:48.583650,delta,maze,520,30.969984036632372,0.11469149589538574,"(7.514044944835891, 2.2063234342944353)","(1.3168999279550513, 8.337282957847636)",True
2026-02-14T11:20:48.704828,delta,maze,520,37.568324370186694,0.11409306526184082,"(8.379137328020848, 2.2321514551292583)","(1.0395606420217558, 2.135341202467727)",True
2026-02-14T11:20:48.829160,delta,maze,520,18.058381714962128,0.11721444129943848,"(2.7884804618389123, 7.241643097159386)","(3.904423593225906, 0.9058018503730556)",True
2026-02-14T11:20:48.977759,delta,maze,520,39.65241347497846,0.14177393913269043,"(7.9842676133900525, 2.2908492168081036)","(1.7796288668962525, 2.9895038001328347)",True
2026-02-14T11:20:49.098862,delta,maze,520,25.3022340063419,0.11408615112304688,"(6.622933126006976, 4.540434799154423)","(6.836196831992706, 2.9529521878009413)",True
2026-02-14T11:20:49.195058,delta,maze,520,10.398483455451181,0.08933782577514648,"(7.8048999162616, 5.862769349976837)","(8.400932197568537, 8.603575895351687)",True
2026-02-14T11:20:49.295593,delta,maze,520,6.377769386124937,0.09353041648864746,"(5.460108011813827, 4.290504660736969)","(9.097730249367661, 1.236098905357496)",True
2026-02-14T11:20:49.403563,delta,maze,520,14.396161469386554,0.1011192798614502,"(8.232507568830613, 8.49112817951715)","(4.865317789589597, 4.503901544634195)",True
2026-02-14T11:20:49.489214,delta,maze,520,5.0696077940414614,0.0788109302520752,"(0.6827620914458051, 8.81356396354638)","(3.7150180564033795, 8.102163737505226)",True
2026-02-14T11:20:49.643253,delta,maze,520,40.408432103087605,0.14732670783996582,"(5.530238792582338, 1.1142768527997937)","(8.731361247650288, 4.936835063620135)",True
2026-02-14T11:20:49.714529,delta,maze,520,3.569699639327035,0.06428885459899902,"(1.779546209157762, 9.26729602919373)","(3.165479551131676, 6.615281730954917)",True
2026-02-14T11:20:49.817926,delta,maze,520,18.749983044216293,0.08970260620117188,"(6.626817904325996, 7.461450321902581)","(2.807986221530932, 3.535932933766563)",True
2026-02-14T11:20:49.955793,delta,maze,520,37.37742806434208,0.13109493255615234,"(5.821029942786295, 1.86904773741891)","(8.369293685490364, 5.282597792524877)",True
2026-02-14T11:20:50.042713,delta,maze,520,24.33983218904661,0.07995390892028809,"(5.043622885393791, 0.760960060301258)","(5.977567375760671, 5.5023790371427115)",True
2026-02-14T11:20:50.158486,delta,maze,520,16.64353295688961,0.10878324508666992,"(5.813727802515429, 9.496605638797917)","(6.527145535114958, 3.1139445720598897)",True
2026-02-14T11:20:50.290835,delta,maze,520,13.717888714434167,0.12539935111999512,"(1.3091530411833723, 9.320440011155895)","(6.800280932091447, 7.1966346011563225)",True
2026-02-14T11:20:50.416487,delta,maze,520,25.621705298345645,0.11881709098815918,"(6.05785506429229, 0.9222853399895756)","(7.048059363188359, 5.299284118782364)",True
2026-02-14T11:20:50.512116,delta,maze,520,3.613394711560792,0.08871054649353027,"(3.214527353954564, 6.86305710791385)","(3.968989930156844, 9.056177917015049)",True
2026-02-14T11:20:50.669560,delta,maze,520,39.91723989733538,0.15044307708740234,"(1.3216482304044075, 1.0709846683833473)","(7.651168957340796, 1.3871266675240055)",True
2026-02-14T11:20:50.807226,delta,maze,520,41.517159696626464,0.13066434860229492,"(3.8341672126700828, 0.8647815913314001)","(9.136417655093377, 7.0673723366230705)",True
2026-02-14T11:20:50.903448,delta,maze,520,3.5266173448012257,0.08922052383422852,"(9.582310706166506, 4.205346568533286)","(8.518221917331685, 1.3419923328984975)",True
2026-02-14T11:20:51.031621,delta,maze,520,20.874787412203794,0.1213829517364502,"(2.8152030472420693, 8.831256024054639)","(2.9885103242605937, 0.5442513500018118)",True
2026-02-14T11:20:51.160960,delta,maze,520,13.309463426466573,0.1225275993347168,"(0.5529926094763816, 2.8060403211331426)","(5.036373720620768, 7.26511960546105)",True
2026-02-14T11:20:51.336707,delta,maze,520,46.973527254151904,0.16884636878967285,"(3.9655135928535836, 1.0045929363127961)","(9.163534188997167, 0.47991324254153706)",True
2026-02-14T11:20:51.474360,delta,maze,520,44.85956935483168,0.13061833381652832,"(4.369865394246279, 1.1461773417587107)","(8.219848486657378, 2.0022562278040534)",True
2026-02-14T11:20:51.651271,delta,maze,520,55.376035002883064,0.16984772682189941,"(4.322733014949486, 4.78178611274909)","(2.0293476803929518, 1.0215452909798115)",True
2026-02-14T11:20:51.786700,delta,maze,520,23.57917503208633,0.12842011451721191,"(7.351139242939103, 8.660293457098074)","(3.4540346887236177, 3.975448144658784)",True
2026-02-14T11:20:51.883069,delta,maze,520,11.865634082787956,0.08944129943847656,"(5.981500893708057, 7.4832573225241195)","(8.708291900993698, 2.757199657931924)",True
2026-02-14T11:20:52.023362,delta,maze,520,27.05122919916215,0.13348889350891113,"(1.0653934533485803, 1.3315363200303003)","(4.493865750182524, 9.05590303271574)",True
2026-02-14T11:20:52.144123,delta,maze,520,45.35068639938357,0.11369729042053223,"(8.339249159438443, 2.2287759234013786)","(4.235960073485285, 0.5920829934285297)",True
2026-02-14T11:20:52.206265,delta,maze,520,6.245748078999956,0.05520319938659668,"(0.7433683481572326, 9.156972633751746)","(1.5815472267609787, 6.652840802500141)",True
2026-02-14T11:20:52.339827,delta,maze,520,34.70646533899575,0.12671184539794922,"(8.995340436560495, 3.0813340644327134)","(1.385578903839503, 2.6881572122081536)",True
2026-02-14T11:20:52.429513,delta,maze,520,6.247411417771029,0.0826406478881836,"(0.6913164241603303, 9.39179376805697)","(4.229101408213195, 7.926519306423315)",True
2026-02-14T11:20:52.591423,delta,maze,520,49.50799751781402,0.15484189987182617,"(4.746126637587227, 3.8433895539551903)","(6.572277192371796, 1.9567562063376527)",True
2026-02-14T11:20:52.756759,delta,maze,520,38.76951460438091,0.15840649604797363,"(1.3131045170604179, 4.3987536493886115)","(8.784349382666255, 3.7218110411018626)",True
2026-02-14T11:20:52.929072,delta,maze,520,44.59131936288813,0.165236234664917,"(7.058578326340917, 0.27670406334439)","(9.195581360383118, 0.748741022903373)",True
2026-02-14T11:20:53.035783,delta,maze,520,18.581039042039954,0.0997467041015625,"(7.070911735528482, 5.019586636467973)","(1.822180998128621, 2.597494486543619)",True
2026-02-14T11:20:53.184943,delta,maze,520,39.92388243728444,0.14193439483642578,"(9.124932507839134, 8.909068101089563)","(2.2513433710024064, 0.8541322245476854)",True
2026-02-14T11:20:53.304533,delta,maze,520,13.44079987907865,0.11264753341674805,"(2.2225684873795766, 3.5230322602307416)","(4.014929695247449, 1.3226560435610144)",True
2026-02-14T11:20:53.491606,delta,maze,520,47.6360216970901,0.17997455596923828,"(7.794538509840913, 0.5852859419129203)","(3.672005204333008, 1.2213066762351223)",True
2026-02-14T11:20:53.604139,delta,maze,520,25.785696071842082,0.10547232627868652,"(8.379095997290959, 5.00731478120294)","(3.5379393249761786, 6.2626937306237265)",True
2026-02-14T11:20:53.711157,delta,maze,520,9.831810482446121,0.10009503364562988,"(0.9118422727723292, 2.9476438171616306)","(4.153659836607777, 1.170785777938066)",True
2026-02-14T11:20:53.792784,delta,maze,520,6.69185951877141,0.07461142539978027,"(7.133841562359541, 6.33650529079456)","(3.9843773635850037, 7.554688059052621)",True
2026-02-14T11:20:53.913520,delta,maze,520,19.737798174475536,0.11381936073303223,"(7.007531049169021, 5.472469157338688)","(2.629606572182903, 2.038791418895713)",True
2026-02-14T11:20:53.979424,delta,maze,520,3.3897893698460932,0.05889391899108887,"(2.4982000881810786, 9.041727272224339)","(3.467584736871437, 6.257705261259859)",True
2026-02-14T11:20:54.093645,delta,maze,520,3.2161878370565495,0.1072998046875,"(0.2792086791962606, 7.391606086228748)","(1.899913013919139, 5.574003210006908)",True
2026-02-14T11:20:54.235604,delta,maze,520,35.863056150992705,0.13501191139221191,"(2.8939983554061532, 5.283945500847871)","(7.753170027432402, 1.5849674740023874)",True
2026-02-14T11:20:54.374946,delta,maze,520,18.701060631598136,0.1323378086090088,"(4.369244886611774, 6.097185888610133)","(5.171240133920216, 9.35498115980757)",True
2026-02-14T11:20:54.463148,delta,maze,520,6.637788125301959,0.08118414878845215,"(7.5911436417057, 2.3166198777116636)","(8.575305085602373, 4.746253235903141)",True
2026-02-14T11:20:54.613327,delta,maze,520,21.72328997889555,0.14325833320617676,"(0.593962256849627, 2.630026044755891)","(6.887570760287267, 8.615799630822783)",True
2026-02-14T11:20:54.734180,delta,maze,520,26.875412343008342,0.11393070220947266,"(9.583439027978947, 0.662356624560356)","(3.85870885767958, 8.93629744264508)",True
2026-02-14T11:20:54.904851,delta,maze,520,44.83377485040769,0.16372275352478027,"(5.441511376414879, 5.15657277292611)","(0.9102839879463989, 1.255410480208473)",True
2026-02-14T11:20:55.008627,delta,maze,520,3.607693506204175,0.0967111587524414,"(4.091578173015642, 5.517216138367291)","(1.2803425733946725, 3.4947945366083695)",True
2026-02-14T11:20:55.096148,delta,maze,520,5.8512615936975285,0.0807652473449707,"(9.141814432092524, 8.971471774929888)","(6.4586869785648116, 6.984141894881185)",True
2026-02-14T11:20:55.200314,delta,maze,520,18.802799134184113,0.09722185134887695,"(6.044329777107459, 4.384774190994321)","(3.409576121140175, 2.20787477653235)",True
2026-02-14T11:20:55.343971,delta,maze,520,18.933345388467792,0.13668227195739746,"(7.774441082899511, 5.906938176395251)","(8.892303256365166, 0.2803583696379049)",True
2026-02-14T11:20:55.482486,delta,maze,520,37.97482844457309,0.13152527809143066,"(3.9637573130730757, 3.9248763561764224)","(0.39040678125185174, 6.483169380284389)",True
2026-02-14T11:20:56.141852,beam,maze,43,27.066284549514315,0.06374573707580566,"(1.1275347506198339, 5.968852084938918)","(1.3072314490226853, 2.357778275660418)",True
2026-02-14T11:20:56.207402,beam,maze,43,19.00142297706319,0.060407400131225586,"(3.20596274694917, 8.419547411296259)","(6.527684088360653, 5.303389680377357)",True
2026-02-14T11:20:56.259063,beam,maze,43,10.904496907015846,0.04662275314331055,"(0.28433547935873194, 7.190733303546773)","(3.8705101806238575, 7.860061762560933)",True
2026-02-14T11:20:56.360032,beam,maze,43,41.44128280480262,0.0960226058959961,"(2.493327033426817, 0.5574723791812877)","(8.493156680812163, 2.166084159666839)",True
2026-02-14T11:20:56.392990,beam,maze,43,9.08806165435594,0.02782607078552246,"(3.968896590863145, 3.0977454159784457)","(0.7512944599651832, 8.263602003451105)",True
2026-02-14T11:20:56.445155,beam,maze,43,11.073666204712636,0.04730939865112305,"(8.319603647899642, 9.520357896066802)","(3.776693761072354, 9.35398362606492)",True
2026-02-14T11:20:56.496597,beam,maze,43,7.796047838971077,0.04651975631713867,"(4.368431936229245, 6.563301586873716)","(2.9204343067498746, 2.570587261444538)",True
2026-02-14T11:20:56.563435,beam,maze,43,24.46524283926464,0.06160712242126465,"(4.660844396671082, 6.236462040200922)","(8.919500142645536, 5.147505576850025)",True
2026-02-14T11:20:56.648450,beam,maze,43,35.207984300602966,0.07987499237060547,"(9.339794165670067, 4.037139237186315)","(6.16210079964518, 2.700476011159731)",True
2026-02-14T11:20:56.706196,beam,maze,43,15.869398786888771,0.05261087417602539,"(6.567422614083342, 6.9062129572293065)","(5.973686738338649, 5.29233774898023)",True
2026-02-14T11:20:56.753803,beam,maze,43,9.25694056672055,0.04257035255432129,"(2.019602138950358, 1.9517824709024787)","(7.798240875197234, 2.845261222153415)",True
2026-02-14T11:20:56.818956,beam,maze,43,25.368070567367468,0.0601809024810791,"(1.4158881085437216, 3.9587753364086016)","(3.04064136307698, 2.3853005595534302)",True
2026-02-14T11:20:56.859812,beam,maze,43,4.492582475997133,0.03576087951660156,"(7.3281519955700585, 7.057437148971385)","(9.247695796206054, 4.932728402349262)",True
2026-02-14T11:20:56.941808,beam,maze,43,37.02103928967272,0.07697439193725586,"(5.825602030820622, 9.461004100437181)","(4.716772667862103, 2.855942358801358)",True
2026-02-14T11:20:56.992884,beam,maze,43,14.160444480633814,0.04596686363220215,"(0.6244615695096826, 5.582319109641978)","(8.527778474938977, 8.659294356744116)",True
2026-02-14T11:20:57.046679,beam,maze,43,15.471059923161556,0.04867100715637207,"(9.352330935321175, 7.2506654340740475)","(1.8101869839810703, 4.2598475466506915)",True
2026-02-14T11:20:57.120486,beam,maze,43,26.87224448616269,0.06864476203918457,"(8.68181505636916, 2.4994535472810058)","(4.344464408344044, 6.045982363044772)",True
2026-02-14T11:20:57.211540,beam,maze,43,37.941214528143945,0.08590912818908691,"(0.4381031438703198, 3.0539491992296774)","(7.3699889263870455, 7.011891047975035)",True
2026-02-14T11:20:57.260631,beam,maze,43,8.292213567072896,0.04399251937866211,"(9.227231588831508, 7.613574593745941)","(2.109239446874425, 8.868717570205856)",True
2026-02-14T11:20:57.283171,beam,maze,43,4.750576006892415,0.017516374588012695,"(5.412188640711755, 8.279999298253191)","(9.040396940975798, 8.12382053360359)",True
2026-02-14T11:20:57.374986,beam,maze,43,41.77883937312055,0.08689165115356445,"(4.74992759811554, 1.2569513474455178)","(6.314830866815374, 2.0061209184724214)",True
2026-02-14T11:20:57.423791,beam,maze,43,12.276095172950765,0.04362225532531738,"(9.498703937544349, 6.869561756446383)","(0.591562734645226, 7.116874402855597)",True
2026-02-14T11:20:57.469248,beam,maze,43,9.657292520262972,0.04042983055114746,"(5.724580140993151, 7.140319692043805)","(2.8635359339048807, 5.1234166400069885)",True
2026-02-14T11:20:57.531988,beam,maze,43,29.455387839993993,0.057601213455200195,"(3.7098423266253846, 0.7600664938507152)","(4.771680527074446, 4.588300279485267)",True
2026-02-14T11:20:57.645185,beam,maze,43,43.58333687071245,0.1081840991973877,"(2.1020786393997617, 0.9276375633014752)","(8.102493707779649, 0.254430238473061)",True
2026-02-14T11:20:57.670585,beam,maze,43,6.039089858413228,0.020290851593017578,"(4.699149210118545, 1.5595474662290174)","(9.332373917228283, 1.627487700736069)",True
2026-02-14T11:20:57.710034,beam,maze,43,7.724696077300758,0.03454279899597168,"(3.6189960090219246, 9.158687841928693)","(0.8000831350064473, 4.448828723216045)",True
2026-02-14T11:20:57.795150,beam,maze,43,37.34225105725133,0.08027911186218262,"(8.695447798272934, 3.130169590799247)","(4.762952135786739, 3.148657566653329)",True
2026-02-14T11:20:57.880981,beam,maze,43,31.87910232323756,0.08084273338317871,"(4.363088381295991, 0.4385078153299084)","(4.381199010274651, 6.959713038011151)",True
2026-02-14T11:20:57.931544,beam,maze,43,10.193328332946221,0.045624494552612305,"(9.524804826497586, 6.487318160681191)","(2.073493862781422, 7.791741222995722)",True
2026-02-14T11:20:57.978042,beam,maze,43,10.010825962127434,0.041643619537353516,"(3.4329986258329543, 4.923877480902933)","(6.894683632089602, 1.6819512239957972)",True
2026-02-14T11:20:58.057488,beam,maze,43,34.52900740960115,0.07455992698669434,"(5.890382523095441, 1.5683391852427717)","(9.496857208969782, 3.2098427814478225)",True
2026-02-14T11:20:58.111659,beam,maze,43,12.532208202609857,0.04923367500305176,"(0.8660634321947176, 9.442193413039892)","(4.59244226965033, 5.477737499785912)",True
2026-02-14T11:20:58.147847,beam,maze,43,5.319626075711675,0.03134727478027344,"(6.787248695357166, 3.4764015476068013)","(4.69799465889959, 6.457985623068262)",True
2026-02-14T11:20:58.242979,beam,maze,43,33.76537023484154,0.09032297134399414,"(5.65613242040526, 6.681660936868893)","(2.1259137179743357, 0.2182435337343094)",True
2026-02-14T11:20:58.304087,beam,maze,43,16.295316215200337,0.05583834648132324,"(0.3819469043646425, 4.4757951383451555)","(8.600578956095767, 5.2837404216583765)",True
2026-02-14T11:20:58.351273,beam,maze,43,14.267372913182955,0.04216313362121582,"(5.149834175036776, 5.33341750194707)","(5.06090598223795, 8.686253123331836)",True
2026-02-14T11:20:58.432513,beam,maze,43,26.377710126272053,0.07624673843383789,"(1.944483451610152, 7.59798193530191)","(2.5888849863639707, 0.43132989690654433)",True
2026-02-14T11:20:58.488782,beam,maze,43,15.059903780310739,0.05107283592224121,"(8.788844494689089, 5.4629956314792345)","(0.2313014932068365, 5.612012899970401)",True
2026-02-14T11:20:58.525597,beam,maze,43,5.1554074220658075,0.03179216384887695,"(6.889505646601762, 7.004604585260997)","(2.7115912033460474, 9.255311515895396)",True
2026-02-14T11:20:58.570647,beam,maze,43,14.124858218969322,0.04014396667480469,"(4.280290981309056, 6.11094071974291)","(3.1780210804280546, 0.31934401249580324)",True
2026-02-14T11:20:58.622863,beam,maze,43,8.82362729998796,0.04735302925109863,"(5.263040060802899, 9.523735016557396)","(2.658392409055955, 3.8511385310198887)",True
2026-02-14T11:20:58.720776,beam,maze,43,34.15414341296506,0.09291362762451172,"(0.6882422296658439, 4.349717012881733)","(1.9483617260794257, 0.6134380637705624)",True
2026-02-14T11:20:58.793057,beam,maze,43,31.1712392637253,0.06717824935913086,"(2.309405742971165, 4.195900382177746)","(6.370970811033123, 2.7679202739762454)",True
2026-02-14T11:20:58.866679,beam,maze,43,33.407277329825845,0.06861591339111328,"(4.297332352564089, 9.260045427353395)","(1.047524901534333, 3.9261276770723614)",True
2026-02-14T11:20:58.931884,beam,maze,43,23.281951701927632,0.060144901275634766,"(7.789313355952134, 1.0074413788668937)","(5.425176846224894, 3.4388141342443803)",True
2026-02-14T11:20:58.997396,beam,maze,43,20.019220111339987,0.06049180030822754,"(0.7507684686371272, 8.768295973341855)","(6.911159445274629, 4.129848578167289)",True
2026-02-14T11:20:59.086775,beam,maze,43,37.54191917201508,0.08437800407409668,"(7.4803337326339845, 7.816070338030162)","(3.0181961462080342, 0.42555181328928116)",True
2026-02-14T11:20:59.148357,beam,maze,43,18.311800482450938,0.056470632553100586,"(7.079379185212067, 6.3822128045853255)","(0.6418188848999755, 0.5098532690791819)",True
2026-02-14T11:20:59.239572,beam,maze,43,37.24096053977705,0.08617162704467773,"(4.800669314659271, 7.898242185014092)","(0.9152174620805612, 3.429266139292792)",True
2026-02-14T11:20:59.284184,beam,maze,43,7.052244230188895,0.039446353912353516,"(9.240522632354503, 6.4264848623334085)","(4.247780939778381, 9.421968253117392)",True
2026-02-14T11:20:59.332910,beam,maze,43,13.364668738526191,0.043984413146972656,"(1.4070743652144138, 6.424030200043316)","(7.016902778456819, 7.543459341730777)",True
2026-02-14T11:20:59.376591,beam,maze,43,9.434707622028142,0.03872203826904297,"(5.989343547294706, 1.8556937769649051)","(0.5289074252693117, 2.563214984798304)",True
2026-02-14T11:20:59.485305,beam,maze,43,42.879259524902714,0.10375404357910156,"(8.698652958056975, 0.4043645741990308)","(2.824189678075322, 0.9208017393021949)",True
2026-02-14T11:20:59.569998,beam,maze,43,32.13783026300287,0.07956886291503906,"(4.849578736960643, 2.899026825873872)","(8.63928697601086, 7.070451466062775)",True
2026-02-14T11:20:59.646361,beam,maze,43,27.066577504136056,0.07134151458740234,"(1.9357182568183373, 6.072199342893447)","(1.3239170965172222, 2.918747729422605)",True
2026-02-14T11:20:59.742230,beam,maze,43,33.494376901464314,0.09090518951416016,"(9.165238301158984, 0.49443648507072996)","(7.928074497484282, 6.12854076123572)",True
2026-02-14T11:20:59.807658,beam,maze,43,18.382639091758726,0.052701473236083984,"(1.7037309819606434, 6.7968800557197335)","(6.565710554895972, 0.311100524444554)",True
2026-02-14T11:20:59.857220,beam,maze,43,13.03624838473225,0.04454326629638672,"(5.525701967249427, 9.115383648966187)","(5.618344535551353, 4.216172511469111)",True
2026-02-14T11:20:59.896585,beam,maze,43,4.319887882034986,0.03455638885498047,"(1.4682854548886566, 6.242727544793012)","(3.7931078405793697, 2.9473999610057064)",True
2026-02-14T11:20:59.986699,beam,maze,43,33.93942453829864,0.08515596389770508,"(1.137512850772218, 2.9578700331933248)","(5.577280384485243, 8.801927210969824)",True
2026-02-14T11:21:00.070543,beam,maze,43,32.23846642295146,0.07880616188049316,"(7.265397318394357, 6.790905544132251)","(3.672134531277148, 1.7280032430825452)",True
2026-02-14T11:21:00.145941,beam,maze,43,31.123865525883648,0.07022356986999512,"(7.625417528182396, 5.515440153502577)","(8.352206105664576, 1.5735256463372398)",True
2026-02-14T11:21:00.192827,beam,maze,43,11.254221290888971,0.04189348220825195,"(8.310302152600118, 2.85440746642425)","(3.109760020963994, 7.613028605607535)",True
2026-02-14T11:21:00.238270,beam,maze,43,10.889518789246988,0.04050135612487793,"(3.3350532981909953, 7.97585586678113)","(1.1496196766235105, 7.566817865669209)",True
2026-02-14T11:21:00.295025,beam,maze,43,17.768842844411296,0.05169820785522461,"(3.570916280023106, 2.627216977399716)","(5.802783979614694, 3.014185346174437)",True
2026-02-14T11:21:00.339990,beam,maze,43,7.463479338489611,0.04010367393493652,"(6.310290158080307, 7.01722806156542)","(8.750936041453654, 3.133024895854613)",True
2026-02-14T11:21:00.406483,beam,maze,43,17.236487918647118,0.061591148376464844,"(5.567918413508954, 3.620243145179036)","(9.40666910715982, 7.899968573879595)",True
2026-02-14T11:21:00.451222,beam,maze,43,12.24929593879716,0.039591312408447266,"(5.529918000959558, 6.655751507123583)","(1.1753204279302845, 5.094522542457033)",True
2026-02-14T11:21:00.501451,beam,maze,43,14.130844164566113,0.04515886306762695,"(4.3851879704207555, 1.90143997525134)","(3.9733779238165785, 4.907570774621824)",True
2026-02-14T11:21:00.558564,beam,maze,43,13.063196424673887,0.05210614204406738,"(4.814990739490832, 5.455271797261243)","(0.5237656075616798, 9.363115285090652)",True
2026-02-14T11:21:00.673081,beam,maze,43,43.03958788615657,0.10958194732666016,"(1.1341626014333208, 0.3546206042793935)","(9.412639528791924, 8.439067157253092)",True
2026-02-14T11:21:00.730690,beam,maze,43,17.31195600406931,0.05232548713684082,"(5.734368742483107, 5.377091578584703)","(7.920154903513143, 6.732243149448304)",True
2026-02-14T11:21:00.796963,beam,maze,43,22.815029203000567,0.06140780448913574,"(1.977830367045853, 8.721364329004384)","(5.086537621548357, 1.912150581520961)",True
2026-02-14T11:21:00.840032,beam,maze,43,8.049319023478857,0.038021087646484375,"(5.8877437442574045, 8.018888417820934)","(2.3595439895807413, 5.470492101297242)",True
2026-02-14T11:21:00.885964,beam,maze,43,9.669692039591139,0.04085111618041992,"(2.9167864548044737, 9.503736943549642)","(5.5899883865714575, 3.8847506261069142)",True
2026-02-14T11:21:00.968834,beam,maze,43,30.6123884670913,0.07795310020446777,"(7.820741376925224, 5.995215964513895)","(8.923491181945186, 9.29543096796504)",True
2026-02-14T11:21:01.057591,beam,maze,43,33.627180951963894,0.0837249755859375,"(7.94721110367524, 0.7792954068831669)","(7.117785263390867, 3.7517444137467137)",True
2026-02-14T11:21:01.099476,beam,maze,43,6.882619575214584,0.03686881065368652,"(7.667760742728835, 4.710532882655945)","(4.969358647761484, 2.899457965594626)",True
2026-02-14T11:21:01.126161,beam,maze,43,2.586174529496497,0.021942615509033203,"(7.229514915186814, 0.5676072363895901)","(8.310130611025231, 2.563711380083967)",True
2026-02-14T11:21:01.174199,beam,maze,43,3.123254078195549,0.043251991271972656,"(1.8756958487173865, 0.3712901289139073)","(4.355884187897123, 2.2493613919302846)",True
2026-02-14T11:21:01.229692,beam,maze,43,19.04189470664079,0.050589799880981445,"(6.830162614074735, 8.053110237188003)","(5.2517107177646025, 3.5286270439069973)",True
2026-02-14T11:21:01.276182,beam,maze,43,8.095851164992034,0.04148077964782715,"(5.266762670238912, 1.2867952204042057)","(5.6778696172238785, 6.272039080190874)",True
2026-02-14T11:21:01.328925,beam,maze,43,19.522837956303107,0.047884464263916016,"(7.244406170071503, 2.01029742642921)","(2.378523595252481, 7.3927045316515505)",True
2026-02-14T11:21:01.376469,beam,maze,43,11.578594322488032,0.04255938529968262,"(7.93039508405272, 3.15180394986364)","(1.1988218087599287, 3.77142768177911)",True
2026-02-14T11:21:01.409147,beam,maze,43,8.367313650098223,0.027750492095947266,"(4.623396921091167, 2.105583940598986)","(1.2707054231392267, 1.5794092553422965)",True
2026-02-14T11:21:01.475304,beam,maze,43,30.215066970450444,0.06131434440612793,"(7.675913883468404, 4.304682359965503)","(6.341859448576908, 9.045819042271754)",True
2026-02-14T11:21:01.527805,beam,maze,43,19.364980559554343,0.04745793342590332,"(5.654349779160463, 0.3230720301694608)","(2.3430599927363502, 6.639759117628827)",True
2026-02-14T11:21:01.588278,beam,maze,43,19.635834123428683,0.05551433563232422,"(8.258339363096677, 3.1360635725145984)","(2.7373403388559256, 2.7776423550846574)",True
2026-02-14T11:21:01.681015,beam,maze,43,37.66461125166893,0.08778834342956543,"(7.4969942345381515, 6.939426970942758)","(0.44613049277382516, 3.4932448883109632)",True
2026-02-14T11:21:01.743925,beam,maze,43,19.953079756795137,0.057785987854003906,"(6.883275370860287, 5.4668819536554984)","(9.26154274777745, 6.514628736162689)",True
2026-02-14T11:21:01.776365,beam,maze,43,2.2155790639593915,0.02756953239440918,"(9.07734231208066, 2.7146504898740327)","(7.559507102591769, 1.3310496670628864)",True
2026-02-14T11:21:01.824104,beam,maze,43,11.59190838507704,0.04288458824157715,"(6.776399395438329, 6.191298564274303)","(2.7861301618037055, 4.702584530144792)",True
2026-02-14T11:21:01.863567,beam,maze,43,7.428314622986585,0.034578561782836914,"(8.714280877703429, 6.7602006323297585)","(4.57746407595239, 8.443121074959931)",True
2026-02-14T11:21:01.893961,beam,maze,43,7.444459528190372,0.0255584716796875,"(5.268195579840701, 5.8603589023185165)","(6.169302198244215, 1.5735612943045099)",True
2026-02-14T11:21:01.915279,beam,maze,43,3.559743599049348,0.016690731048583984,"(0.7788011490877612, 5.180467354361858)","(1.394417416135994, 8.538644257497781)",True
2026-02-14T11:21:01.972905,beam,maze,43,16.360617860699783,0.052701711654663086,"(0.5577360912304669, 6.187394828922081)","(6.743863191525875, 9.480425027637933)",True
2026-02-14T11:21:02.024432,beam,maze,43,17.38082172981605,0.04658651351928711,"(3.4345320345812835, 6.361000241153323)","(2.2856497980832806, 2.8829729410208498)",True
2026-02-14T11:21:02.069348,beam,maze,43,8.495956962273985,0.03995656967163086,"(7.885025469052694, 5.268939228274257)","(5.656520502847123, 5.309962170236283)",True
2026-02-14T11:21:02.135802,beam,maze,43,23.99481131127687,0.061609745025634766,"(2.208258926683259, 0.6339656061439322)","(3.0850020516556182, 5.275528812493289)",True
2026-02-14T11:21:02.736656,beam,maze,114,33.105251935717135,0.07184743881225586,"(1.4859932783164378, 8.513703751264865)","(9.073660877872955, 4.786449140976308)",True
2026-02-14T11:21:02.822021,beam,maze,114,38.191739042984615,0.0803225040435791,"(7.50183079758465, 3.5458598056239494)","(1.305406060910075, 5.112601944777652)",True
2026-02-14T11:21:02.871673,beam,maze,114,8.950311194476392,0.04460000991821289,"(7.0664018519458285, 2.055937720326244)","(6.018375025992132, 0.7376884932749462)",True
2026-02-14T11:21:02.919715,beam,maze,114,8.83978943995169,0.04327583312988281,"(4.25231712975185, 2.010180182602783)","(8.183026885332406, 4.318139674743824)",True
2026-02-14T11:21:03.018685,beam,maze,114,38.448340002226765,0.09430932998657227,"(4.5124897862163875, 6.998940275331216)","(9.530188669643552, 7.136160057935361)",True
2026-02-14T11:21:03.066301,beam,maze,114,13.784683791626074,0.04268980026245117,"(0.9128125552059769, 2.1257442088360508)","(3.680535770008191, 8.285094286796356)",True
2026-02-14T11:21:03.143999,beam,maze,114,30.315423174052956,0.0728151798248291,"(2.9167397341447656, 6.324680860950537)","(7.698903973161649, 2.6656152323180224)",True
2026-02-14T11:21:03.176896,beam,maze,114,9.1088438349622,0.027983427047729492,"(7.4497681262665125, 3.2520004022679507)","(8.901923271957449, 9.062793238679728)",True
2026-02-14T11:21:03.248684,beam,maze,114,28.33115152201465,0.0669393539428711,"(4.515301495370998, 5.3533326824232725)","(8.52909875720568, 1.7377989396682347)",True
2026-02-14T11:21:03.333759,beam,maze,114,37.52810081505631,0.08016586303710938,"(4.577579458480216, 1.4464334234653333)","(2.0589822712660095, 0.23957254279135626)",True
2026-02-14T11:21:03.395840,beam,maze,114,21.96251990777551,0.05709409713745117,"(5.663998120259727, 4.639990861291471)","(3.7450679553951716, 3.895933760786623)",True
2026-02-14T11:21:03.435307,beam,maze,114,3.8858355072983564,0.034207820892333984,"(4.437106959226198, 3.9905976825606473)","(4.606770957533568, 0.41559547329984153)",True
2026-02-14T11:21:03.520918,beam,maze,114,38.876219194550764,0.08075523376464844,"(3.0767479600932486, 4.841257289859802)","(6.673707334504517, 2.1319463828040996)",True
2026-02-14T11:21:03.592264,beam,maze,114,29.700636354233097,0.06639361381530762,"(3.840271478810147, 2.806552803656809)","(3.4120013615036546, 0.5276034456933834)",True
2026-02-14T11:21:03.643434,beam,maze,114,12.070025450714553,0.04608893394470215,"(0.8418211984081703, 8.353229782852289)","(6.28864474025742, 7.098910337484224)",True
2026-02-14T11:21:03.677109,beam,maze,114,5.036184646860533,0.028777122497558594,"(3.4238114705338853, 3.7726660013587976)","(4.88464942260182, 8.358535669463661)",True
2026-02-14T11:21:03.709167,beam,maze,114,3.9667786226061192,0.027161598205566406,"(6.6531408502497955, 7.533926672577148)","(5.856518814302756, 5.363006876854853)",True
2026-02-14T11:21:03.784826,beam,maze,114,26.54903068311459,0.07082509994506836,"(3.3507239409062293, 8.582988429886184)","(9.456713538371886, 1.29694211431173)",True
2026-02-14T11:21:03.860190,beam,maze,114,23.733733530391824,0.07041287422180176,"(5.003721290568076, 0.5781079033544306)","(3.9631333150716483, 7.84378732029565)",True
2026-02-14T11:21:03.945814,beam,maze,114,41.53773324022553,0.08058047294616699,"(7.547176424284551, 2.8972126228555672)","(0.9486436947490455, 3.1732593913706153)",True
2026-02-14T11:21:04.035202,beam,maze,114,38.68674754009008,0.08433413505554199,"(0.6225289086209002, 5.175461362526333)","(7.566990451880689, 4.63641526439726)",True
2026-02-14T11:21:04.068011,beam,maze,114,6.895507432224701,0.027789831161499023,"(3.714803378053987, 2.0878627850557567)","(4.354758857240968, 4.695168019647166)",True
2026-02-14T11:21:04.119488,beam,maze,114,15.655845541274717,0.04673337936401367,"(4.3772874180563655, 8.226955499768277)","(1.506694864559319, 0.3299889442324804)",True
2026-02-14T11:21:04.177143,beam,maze,114,20.781904677263874,0.05299019813537598,"(3.9413207354952298, 4.366505862146092)","(5.364630324883746, 5.990282057875409)",True
2026-02-14T11:21:04.229958,beam,maze,114,16.346063888504734,0.04796886444091797,"(2.230370668761185, 8.466344476432923)","(5.026915722131758, 3.464022616416807)",True
2026-02-14T11:21:04.323783,beam,maze,114,38.98263625783876,0.0888674259185791,"(6.917232357508164, 1.8945257066658945)","(2.4449843326948484, 5.195105466492551)",True
2026-02-14T11:21:04.409184,beam,maze,114,35.049062076592186,0.08047318458557129,"(7.409378573022063, 5.501446047124957)","(3.611907303969674, 6.948732486661747)",True
2026-02-14T11:21:04.464570,beam,maze,114,15.030622272782306,0.050405263900756836,"(5.863026259249277, 8.078272377002655)","(3.1663919722771374, 8.708483190124657)",True
2026-02-14T11:21:04.519559,beam,maze,114,16.453075447069637,0.05025124549865723,"(2.1159178611464937, 2.523381576939215)","(7.097789355694959, 5.3555900014034)",True
2026-02-14T11:21:04.573231,beam,maze,114,15.441292054746118,0.04884219169616699,"(7.384896955330756, 7.032435848172065)","(4.58572171422723, 6.372190674128288)",True
2026-02-14T11:21:04.618432,beam,maze,114,13.432112202139809,0.040354013442993164,"(6.898295145930835, 4.661700204858581)","(5.253406791481215, 2.1683246448327025)",True
2026-02-14T11:21:04.656532,beam,maze,114,3.8047795154379154,0.033349037170410156,"(3.148244341044179, 9.41175613685529)","(1.7391057893980948, 8.412883082931833)",True
2026-02-14T11:21:04.707666,beam,maze,114,10.843955419368442,0.04643416404724121,"(2.593499551458382, 2.1028474709094835)","(6.251410834627735, 8.302566986305761)",True
2026-02-14T11:21:04.805797,beam,maze,114,40.67973799096112,0.09323930740356445,"(1.9007277949463517, 3.338725917726815)","(1.4939886251143615, 0.38796033489714515)",True
2026-02-14T11:21:04.849302,beam,maze,114,1.9944838146108672,0.031164884567260742,"(3.840387538002164, 5.2566399655767455)","(4.6226025404524655, 7.028845115697824)",True
2026-02-14T11:21:04.906762,beam,maze,114,12.793885478450804,0.05280590057373047,"(5.875401591808359, 5.244560004395685)","(0.5305861839694446, 8.386221417240959)",True
2026-02-14T11:21:04.988437,beam,maze,114,32.61180110391811,0.07683253288269043,"(7.908791171954975, 4.030689402556177)","(3.4733501543448737, 4.841635022029052)",True
2026-02-14T11:21:05.035117,beam,maze,114,14.614106761580203,0.04181313514709473,"(0.7117504593297387, 1.6602099608042593)","(3.414151033514221, 8.553668535781023)",True
2026-02-14T11:21:05.104911,beam,maze,114,26.429826973709087,0.06500124931335449,"(5.03368281361129, 2.0943880391244303)","(2.8230224932786188, 3.7959374327480724)",True
2026-02-14T11:21:05.179101,beam,maze,114,27.073074182714283,0.06937074661254883,"(7.113856715291808, 1.0116819787436053)","(3.4378780934074076, 5.32016076385401)",True
2026-02-14T11:21:05.274279,beam,maze,114,38.03184594161961,0.09021449089050293,"(9.059803860084855, 6.949518859672177)","(1.3133790586555905, 6.264054029553696)",True
2026-02-14T11:21:05.315886,beam,maze,114,9.071270715407316,0.03653907775878906,"(3.5889425291127206, 1.3729953075475958)","(8.159383079880401, 4.435440858170466)",True
2026-02-14T11:21:05.380009,beam,maze,114,17.66210710137109,0.05933570861816406,"(6.683248603504874, 9.489324508501822)","(9.329869686737078, 1.1623382517429586)",True
2026-02-14T11:21:05.446385,beam,maze,114,24.147716222635776,0.06150507926940918,"(7.952247303075685, 3.8427366774371965)","(0.9421088823555878, 9.237424672989302)",True
2026-02-14T11:21:05.498376,beam,maze,114,17.366610227290312,0.0471343994140625,"(6.918394726155918, 5.3010723832297595)","(2.2293089262178616, 3.709324565405967)",True
2026-02-14T11:21:05.542114,beam,maze,114,6.542425512260815,0.038951873779296875,"(5.324322504642411, 5.956134159872943)","(6.370903335537218, 9.406024320273909)",True
2026-02-14T11:21:05.598233,beam,maze,114,16.222027271467553,0.05134415626525879,"(2.0993610701778818, 6.136450178213708)","(6.250465158579778, 6.0224054805690335)",True
2026-02-14T11:21:05.672105,beam,maze,114,32.99042662630476,0.06905794143676758,"(0.24861157058262054, 4.390423703074386)","(6.066655394590191, 1.5292665670921124)",True
2026-02-14T11:21:05.724066,beam,maze,114,12.486250627401585,0.04706168174743652,"(1.2752454645062339, 9.357133288069404)","(5.887911920280213, 4.308957445157465)",True
2026-02-14T11:21:05.813553,beam,maze,114,37.799851868003095,0.0847172737121582,"(3.500366688101665, 4.631375779380198)","(6.192100424674188, 2.1920890487228712)",True
2026-02-14T11:21:05.914437,beam,maze,114,44.145733320661634,0.09592676162719727,"(8.164224808581285, 5.277065187682678)","(0.49388812522253683, 4.865093624586212)",True
2026-02-14T11:21:05.982649,beam,maze,114,23.941906759646326,0.0633232593536377,"(3.4591175932865923, 6.966879370347456)","(1.6608712931424603, 0.5236904156117231)",True
2026-02-14T11:21:06.052200,beam,maze,114,23.765587694428994,0.06473588943481445,"(6.748474699995965, 9.346072941933713)","(7.9594781892894115, 5.426254469164847)",True
2026-02-14T11:21:06.096158,beam,maze,114,14.821820806601403,0.03912210464477539,"(6.92981290632732, 1.1042747934807056)","(7.649345119569481, 7.461096528123781)",True
2026-02-14T11:21:06.134587,beam,maze,114,12.32585398183482,0.033660888671875,"(7.490106452768494, 8.270613260770284)","(3.536413393166505, 2.1613673128088156)",True
2026-02-14T11:21:06.178433,beam,maze,114,14.083874533953585,0.03930521011352539,"(4.9358793469117455, 9.36563643219506)","(3.9534101816906437, 1.564428824486699)",True
2026-02-14T11:21:06.232139,beam,maze,114,13.806804727466991,0.048960208892822266,"(8.134421661971524, 5.398166303205352)","(4.637380560487897, 0.8113637922776668)",True
2026-02-14T11:21:06.260722,beam,maze,114,3.161178919890851,0.02376246452331543,"(2.815475844839773, 5.359461267852292)","(0.5378931115710631, 4.002696099001645)",True
2026-02-14T11:21:06.321282,beam,maze,114,28.08490512150923,0.055999755859375,"(0.7041248821905963, 4.120993263081806)","(5.22818320626177, 4.744548753052273)",True
2026-02-14T11:21:06.358446,beam,maze,114,6.016611273519631,0.0324404239654541,"(6.083780525281172, 2.071443607011373)","(8.113226384299724, 4.661267248607353)",True
2026-02-14T11:21:06.416632,beam,maze,114,22.426575421268673,0.05337166786193848,"(2.560902451293266, 9.173579653103163)","(7.8122083738811545, 4.484874262638204)",True
2026-02-14T11:21:06.508513,beam,maze,114,42.40251730855328,0.08710670471191406,"(8.391555888065561, 8.275509569946475)","(0.32370017572682425, 6.302646494979527)",True
2026-02-14T11:21:06.559719,beam,maze,114,21.137447228037768,0.046305179595947266,"(9.03326238252139, 5.173086770866738)","(1.2636026667502582, 3.785139110709016)",True
2026-02-14T11:21:06.610348,beam,maze,114,14.82497893619886,0.04580187797546387,"(6.964310487948743, 5.224383655800596)","(4.731558560519867, 3.176246151499156)",True
2026-02-14T11:21:06.672416,beam,maze,114,23.07172971959901,0.05736851692199707,"(4.499892165693971, 8.463179783627558)","(7.159766288336002, 1.1323536475939033)",True
2026-02-14T11:21:06.719432,beam,maze,114,12.20257680620429,0.042226552963256836,"(5.162823325857239, 8.023123925898858)","(1.378067792346528, 2.2408072572865168)",True
2026-02-14T11:21:06.768131,beam,maze,114,9.050566849638589,0.04392099380493164,"(6.426566330683935, 6.208739631850989)","(7.83682001881543, 0.32597532439735666)",True
2026-02-14T11:21:06.818834,beam,maze,114,9.845647505103253,0.045877933502197266,"(7.473362300377573, 5.9722005131513525)","(2.713730085352548, 1.3128654673288083)",True
2026-02-14T11:21:06.881493,beam,maze,114,17.44338177436356,0.05800318717956543,"(7.69899888657902, 8.950862372731205)","(2.904142491756361, 2.9848443552204795)",True
2026-02-14T11:21:06.936288,beam,maze,114,16.97542046969173,0.050032854080200195,"(8.7971786614692, 5.820055818969086)","(3.7234199245256705, 0.5556712173926517)",True
2026-02-14T11:21:07.021902,beam,maze,114,43.257355573359064,0.08074665069580078,"(9.087853307540147, 5.028627305618755)","(3.055347364573908, 4.4424981657038245)",True
2026-02-14T11:21:07.068542,beam,maze,114,14.149712156153381,0.04171013832092285,"(7.179918745326793, 7.688138475734931)","(5.066584458559554, 6.745223519881575)",True
2026-02-14T11:21:07.145075,beam,maze,114,34.66435500089453,0.07175397872924805,"(8.852123419672552, 3.959065691088451)","(3.1698942502258536, 4.38959853761511)",True
2026-02-14T11:21:07.231982,beam,maze,114,34.55544034286277,0.08202934265136719,"(5.424690951402931, 3.2210826419973895)","(0.5899523010290186, 0.36743359962462)",True
2026-02-14T11:21:07.261502,beam,maze,114,5.176528506630905,0.024422883987426758,"(8.218940975904005, 3.7728353251147597)","(6.820705508638475, 0.8664561856217919)",True
2026-02-14T11:21:07.322911,beam,maze,114,14.447896441032922,0.05697751045227051,"(6.4165897647471795, 3.4245279927216417)","(1.9782705590659, 1.9243388698416866)",True
2026-02-14T11:21:07.399305,beam,maze,114,31.572994293168197,0.07175087928771973,"(5.002517166277356, 8.282820131503135)","(6.759275531702245, 2.354333913400715)",True
2026-02-14T11:21:07.452607,beam,maze,114,11.337630187899588,0.04845070838928223,"(3.428026752385565, 2.635401698865948)","(1.5071336765913388, 9.329420739414202)",True
2026-02-14T11:21:07.485849,beam,maze,114,3.9216400069847213,0.028542280197143555,"(4.417314924618203, 8.776607627090195)","(4.734896673739332, 5.204188864925708)",True
2026-02-14T11:21:07.541280,beam,maze,114,21.520883351562166,0.05086398124694824,"(3.682668657251506, 6.682556661755526)","(5.573973792222415, 2.3209057994305677)",True
2026-02-14T11:21:07.607764,beam,maze,114,27.53671990334197,0.061621665954589844,"(3.167922286158446, 5.009585088414991)","(4.266670697107208, 3.4407289614296857)",True
2026-02-14T11:21:07.662125,beam,maze,114,13.664890470036234,0.04944896697998047,"(2.5409928541482687, 7.0520540317625695)","(7.385708273219114, 5.976724272818763)",True
2026-02-14T11:21:07.728358,beam,maze,114,20.63586824316214,0.06149148941040039,"(4.584558038889646, 2.7677723380343444)","(1.8867214391780809, 6.350986800922619)",True
2026-02-14T11:21:07.801105,beam,maze,114,28.093198161407027,0.06794881820678711,"(7.167014133498391, 0.9534240499196102)","(3.6014378747267344, 3.876146807754531)",True
2026-02-14T11:21:07.861951,beam,maze,114,22.618518312382967,0.055875539779663086,"(0.5694896529648446, 4.129988290810888)","(6.980937996901499, 8.38331841235579)",True
2026-02-14T11:21:07.899670,beam,maze,114,10.570994385629167,0.03300333023071289,"(6.813160676528687, 7.963040741621068)","(2.626379072564823, 8.217234623754047)",True
2026-02-14T11:21:07.956332,beam,maze,114,23.066103184616885,0.05176568031311035,"(8.53024564395015, 2.8825172785644204)","(1.172474872238448, 8.241515586979197)",True
2026-02-14T11:21:08.035880,beam,maze,114,31.73284094948003,0.07473206520080566,"(9.292896587873788, 8.39532950983326)","(2.535089838272583, 9.364415441925594)",True
2026-02-14T11:21:08.066272,beam,maze,114,2.6649062808789656,0.025509119033813477,"(8.072900258877862, 4.675061416341831)","(9.180067719428138, 2.411642215939877)",True
2026-02-14T11:21:08.137208,beam,maze,114,31.72894184529803,0.06646442413330078,"(2.31962386873125, 0.48900565337032786)","(5.1251108252638, 5.301125490568968)",True
2026-02-14T11:21:08.175776,beam,maze,114,5.521070142716114,0.0336613655090332,"(3.323390375577735, 1.290129424948478)","(5.271930919951742, 4.348718897420417)",True
2026-02-14T11:21:08.229405,beam,maze,114,15.375727445039983,0.048737287521362305,"(3.571012960389468, 5.360497523391586)","(7.73436997647501, 8.619036214636692)",True
2026-02-14T11:21:08.276911,beam,maze,114,10.560139145351965,0.0428464412689209,"(6.0276041941559235, 6.370665787445428)","(1.2666173799867835, 9.297712878603383)",True
2026-02-14T11:21:08.315289,beam,maze,114,3.4387695471858626,0.033631324768066406,"(5.825450920632567, 0.5073784970658423)","(4.388329098319601, 3.6070583593087737)",True
2026-02-14T11:21:08.362011,beam,maze,114,6.281777887718714,0.04207491874694824,"(5.247358298316474, 6.840322855504192)","(0.5319571959205517, 9.287840162000698)",True
2026-02-14T11:21:08.421624,beam,maze,114,17.477374580231437,0.0550227165222168,"(2.98374898035926, 1.630854949381068)","(9.03440022198021, 6.937579383458248)",True
2026-02-14T11:21:08.464598,beam,maze,114,6.056200517964649,0.03816056251525879,"(4.406594465449726, 4.4443717175496955)","(2.821822951560117, 1.1535341967448882)",True
2026-02-14T11:21:08.548980,beam,maze,114,35.90721097094861,0.07974767684936523,"(3.6531948381660873, 2.2306358011750484)","(0.43664200307173406, 2.9112915696398254)",True
2026-02-14T11:21:08.613857,beam,maze,114,25.56068175436675,0.0599675178527832,"(6.661591064636405, 4.405628017491902)","(3.6061962147492417, 9.32890721433226)",True
2026-02-14T11:21:08.674073,beam,maze,114,22.706893156129016,0.05541849136352539,"(5.498291823037978, 2.329960343064442)","(0.7176983776549922, 5.8777287070351605)",True
2026-02-14T11:21:09.303475,beam,maze,520,44.304633264660055,0.10245156288146973,"(4.330806305246296, 2.0350755429133853)","(6.42216294773749, 3.0605704047095226)",True
2026-02-14T11:21:09.341899,beam,maze,520,2.3568079518769274,0.033258676528930664,"(0.5842035907594892, 3.663753950240991)","(2.0074647250074737, 2.0413791448079404)",True
2026-02-14T11:21:09.394992,beam,maze,520,11.114632724391864,0.04806995391845703,"(4.416523798619325, 0.5379526980129273)","(0.27830729143359073, 4.555696411382036)",True
2026-02-14T11:21:09.438521,beam,maze,520,11.755579570737934,0.038643836975097656,"(5.747720030961169, 5.835135466399904)","(2.113023863962896, 4.293509430862421)",True
2026-02-14T11:21:09.486051,beam,maze,520,4.848353167150176,0.04274582862854004,"(9.400482085083553, 3.956297096263979)","(7.905188767866028, 1.6904393595361262)",True
2026-02-14T11:21:09.589061,beam,maze,520,38.921237086432605,0.09824395179748535,"(2.5857485070148685, 3.833079363733862)","(4.910812425685738, 4.3941839536954195)",True
2026-02-14T11:21:09.642226,beam,maze,520,16.56223277590835,0.048067569732666016,"(5.059739203582056, 0.709146266709617)","(2.839246391141206, 7.354260141921323)",True
2026-02-14T11:21:09.749369,beam,maze,520,45.8117923880166,0.10223388671875,"(6.917097314377096, 1.8703731571587825)","(7.2508327832646415, 3.459094979741736)",True
2026-02-14T11:21:09.843465,beam,maze,520,40.56301179632132,0.08897280693054199,"(6.911846537167211, 3.1747157348963424)","(0.2720396297214936, 3.995058537802454)",True
2026-02-14T11:21:09.893579,beam,maze,520,2.5572722789123636,0.037679433822631836,"(6.8592401029547005, 8.479115826831375)","(7.830638552635359, 6.516595126573164)",True
2026-02-14T11:21:09.948334,beam,maze,520,15.128531887049785,0.04965925216674805,"(6.28396429940427, 6.7065721970342445)","(8.318212507469704, 0.44400084567762743)",True
2026-02-14T11:21:10.009135,beam,maze,520,24.22335655143787,0.05547451972961426,"(5.953192791954534, 4.6232805850689545)","(5.329746004655385, 0.6677376894104257)",True
2026-02-14T11:21:10.067529,beam,maze,520,14.04867182607028,0.05333828926086426,"(2.839943521222555, 7.6101144699644285)","(6.471544965456136, 1.8760516939301275)",True
2026-02-14T11:21:10.155821,beam,maze,520,30.770282566156734,0.08323264122009277,"(7.57744266290018, 1.4243777432475784)","(0.5163013289596646, 8.054422192661782)",True
2026-02-14T11:21:10.233358,beam,maze,520,24.622365790788784,0.07244634628295898,"(1.0201749271892098, 6.458388162068883)","(7.6920769858343085, 9.535215200361245)",True
2026-02-14T11:21:10.297588,beam,maze,520,23.017495393443898,0.05918526649475098,"(1.4610573066758235, 2.6985058911930815)","(6.202367355836822, 6.802851872673356)",True
2026-02-14T11:21:10.398936,beam,maze,520,35.01614481844171,0.09628796577453613,"(0.23106932503214597, 2.6859590206714814)","(8.982632840034947, 2.074898762385661)",True
2026-02-14T11:21:10.441197,beam,maze,520,3.2459703601333976,0.03716778755187988,"(4.903457883156754, 4.5115054903970515)","(7.946588390023186, 3.9383787593949)",True
2026-02-14T11:21:10.507016,beam,maze,520,21.719716445913527,0.060882568359375,"(0.6774311850007343, 9.436591432159947)","(8.872632065667982, 9.36341842903665)",True
2026-02-14T11:21:10.618561,beam,maze,520,47.930203172549184,0.10637164115905762,"(9.459384487690697, 1.3197210664832246)","(2.047462592371952, 1.4256862468667624)",True
2026-02-14T11:21:10.690596,beam,maze,520,23.760248904586717,0.06688737869262695,"(6.881632366507928, 5.915392500884723)","(5.405187402625979, 3.9584699960767793)",True
2026-02-14T11:21:10.750206,beam,maze,520,13.836120564258199,0.05468106269836426,"(4.749437451924931, 4.348812451376332)","(8.509764158112155, 8.166872337602712)",True
2026-02-14T11:21:10.849046,beam,maze,520,38.12640882317823,0.09373068809509277,"(6.305912589428921, 3.0840411196196427)","(2.1249054558000453, 3.6767797441985675)",True
2026-02-14T11:21:10.905506,beam,maze,520,12.930772785782263,0.051340341567993164,"(4.85967327229642, 1.0750007802277102)","(3.1497378531496008, 4.450552854391864)",True
2026-02-14T11:21:10.964398,beam,maze,520,20.600889372282325,0.053908348083496094,"(5.509445417737771, 6.010955303751835)","(8.415174864541195, 2.1721901291062533)",True
2026-02-14T11:21:11.044031,beam,maze,520,30.866192806008545,0.07459664344787598,"(9.534374897690148, 7.381010730610241)","(0.6603424355286818, 3.5506467792986367)",True
2026-02-14T11:21:11.126213,beam,maze,520,32.09872458627684,0.07712697982788086,"(0.6505848423502641, 2.939738144114856)","(8.402816653390628, 4.904775779098039)",True
2026-02-14T11:21:11.180599,beam,maze,520,14.437541688382165,0.04934191703796387,"(1.783619204989628, 5.319752837241231)","(6.994156910581904, 6.077207944453248)",True
2026-02-14T11:21:11.246045,beam,maze,520,21.87232163469686,0.06049013137817383,"(5.271843102910663, 6.754908737947242)","(5.597018714776047, 1.3896964861606074)",True
2026-02-14T11:21:11.296111,beam,maze,520,17.83025416767642,0.04514503479003906,"(7.011828637889978, 4.745719878928814)","(8.52963452013106, 3.0707649989857018)",True
2026-02-14T11:21:11.333932,beam,maze,520,2.4259548561345143,0.03289031982421875,"(0.6819155339998779, 3.1141025189312983)","(1.9910925639615413, 4.1491540806366025)",True
2026-02-14T11:21:11.393215,beam,maze,520,14.736222174577861,0.054549217224121094,"(7.945833822050489, 7.538003559564076)","(3.563824343640312, 5.31616262854394)",True
2026-02-14T11:21:11.464554,beam,maze,520,32.19212411162829,0.06633424758911133,"(0.7742369578035482, 2.3394525949098433)","(8.827929005478234, 5.09281168947966)",True
2026-02-14T11:21:11.505696,beam,maze,520,9.109339811770859,0.03616786003112793,"(5.550516878878508, 0.6635292383821645)","(0.3640166973438675, 3.5890562790269818)",True
2026-02-14T11:21:11.552401,beam,maze,520,7.789139089884982,0.0416722297668457,"(7.797328985236509, 7.070173904322548)","(3.8429757206513657, 7.856370794482118)",True
2026-02-14T11:21:11.616039,beam,maze,520,21.202073069209483,0.058994293212890625,"(5.543733899249082, 7.8796198358147755)","(6.069295389579552, 1.3238231228798483)",True
2026-02-14T11:21:11.696720,beam,maze,520,24.787303232675285,0.07581424713134766,"(9.289539362087101, 4.175942459988641)","(2.8017496395054997, 7.613278782443218)",True
2026-02-14T11:21:11.765524,beam,maze,520,22.469959692434468,0.06380105018615723,"(8.700546604067839, 7.9421962228358)","(0.6246186358025527, 8.653283382007157)",True
2026-02-14T11:21:11.868342,beam,maze,520,40.20048810690062,0.0977010726928711,"(0.2865096052949616, 5.081279598667302)","(3.2839137794709887, 2.6681472829182273)",True
2026-02-14T11:21:11.921633,beam,maze,520,14.061724584021981,0.04838228225708008,"(5.059117116217239, 8.536748405612975)","(3.599829200399573, 9.38204599032483)",True
2026-02-14T11:21:11.998617,beam,maze,520,26.36708547832954,0.0721583366394043,"(8.733748652960838, 7.843410838727502)","(1.9559139143493331, 4.36633654855421)",True
2026-02-14T11:21:12.041046,beam,maze,520,12.956003704827912,0.03735160827636719,"(9.220798941134445, 3.4454018645215685)","(7.244771191907096, 8.249735745907415)",True
2026-02-14T11:21:12.088071,beam,maze,520,10.670889096603577,0.042031288146972656,"(2.987874227396919, 9.122534888861024)","(0.5219206538553604, 2.156217153905235)",True
2026-02-14T11:21:12.163369,beam,maze,520,30.879468704520537,0.07038497924804688,"(7.514044944835891, 2.2063234342944353)","(1.3168999279550513, 8.337282957847636)",True
2026-02-14T11:21:12.244915,beam,maze,520,36.83215414009736,0.07636165618896484,"(8.379137328020848, 2.2321514551292583)","(1.0395606420217558, 2.135341202467727)",True
2026-02-14T11:21:12.306116,beam,maze,520,17.81844113512827,0.05619454383850098,"(2.7884804618389123, 7.241643097159386)","(3.904423593225906, 0.9058018503730556)",True
2026-02-14T11:21:12.398513,beam,maze,520,39.31468026459157,0.08734750747680664,"(7.9842676133900525, 2.2908492168081036)","(1.7796288668962525, 2.9895038001328347)",True
2026-02-14T11:21:12.467512,beam,maze,520,25.377970401849474,0.06390738487243652,"(6.622933126006976, 4.540434799154423)","(6.836196831992706, 2.9529521878009413)",True
2026-02-14T11:21:12.514514,beam,maze,520,10.638987450396705,0.04187726974487305,"(7.8048999162616, 5.862769349976837)","(8.400932197568537, 8.603575895351687)",True
2026-02-14T11:21:12.556655,beam,maze,520,6.397031657021415,0.03701281547546387,"(5.460108011813827, 4.290504660736969)","(9.097730249367661, 1.236098905357496)",True
2026-02-14T11:21:12.612242,beam,maze,520,14.214291851218665,0.05058598518371582,"(8.232507568830613, 8.49112817951715)","(4.865317789589597, 4.503901544634195)",True
2026-02-14T11:21:12.647785,beam,maze,520,5.155204446516415,0.030510663986206055,"(0.6827620914458051, 8.81356396354638)","(3.7150180564033795, 8.102163737505226)",True
2026-02-14T11:21:12.744126,beam,maze,520,39.935299425750614,0.09136247634887695,"(5.530238792582338, 1.1142768527997937)","(8.731361247650288, 4.936835063620135)",True
2026-02-14T11:21:12.774792,beam,maze,520,3.8111577916395167,0.025501728057861328,"(1.779546209157762, 9.26729602919373)","(3.165479551131676, 6.615281730954917)",True
2026-02-14T11:21:12.829954,beam,maze,520,18.303231280979755,0.049928903579711914,"(6.626817904325996, 7.461450321902581)","(2.807986221530932, 3.535932933766563)",True
2026-02-14T11:21:12.917203,beam,maze,520,37.0240025027011,0.08217787742614746,"(5.821029942786295, 1.86904773741891)","(8.369293685490364, 5.282597792524877)",True
2026-02-14T11:21:12.974330,beam,maze,520,23.52267201233881,0.052041053771972656,"(5.043622885393791, 0.760960060301258)","(5.977567375760671, 5.5023790371427115)",True
2026-02-14T11:21:13.032345,beam,maze,520,16.859464469454124,0.05296778678894043,"(5.813727802515429, 9.496605638797917)","(6.527145535114958, 3.1139445720598897)",True
2026-02-14T11:21:13.092912,beam,maze,520,13.509502604022547,0.0552363395690918,"(1.3091530411833723, 9.320440011155895)","(6.800280932091447, 7.1966346011563225)",True
2026-02-14T11:21:13.163420,beam,maze,520,25.235873503985374,0.06545877456665039,"(6.05785506429229, 0.9222853399895756)","(7.048059363188359, 5.299284118782364)",True
2026-02-14T11:21:13.201423,beam,maze,520,3.5897265663922218,0.032952308654785156,"(3.214527353954564, 6.86305710791385)","(3.968989930156844, 9.056177917015049)",True
2026-02-14T11:21:13.297970,beam,maze,520,39.324583374036735,0.0914907455444336,"(1.3216482304044075, 1.0709846683833473)","(7.651168957340796, 1.3871266675240055)",True
2026-02-14T11:21:13.388576,beam,maze,520,41.05692854901772,0.08551549911499023,"(3.8341672126700828, 0.8647815913314001)","(9.136417655093377, 7.0673723366230705)",True
2026-02-14T11:21:13.428777,beam,maze,520,3.444014211932495,0.03507685661315918,"(9.582310706166506, 4.205346568533286)","(8.518221917331685, 1.3419923328984975)",True
2026-02-14T11:21:13.493525,beam,maze,520,20.54726591528053,0.059919118881225586,"(2.8152030472420693, 8.831256024054639)","(2.9885103242605937, 0.5442513500018118)",True
2026-02-14T11:21:13.555779,beam,maze,520,13.007427706928045,0.057236433029174805,"(0.5529926094763816, 2.8060403211331426)","(5.036373720620768, 7.26511960546105)",True
2026-02-14T11:21:13.664238,beam,maze,520,46.30420388458943,0.10344409942626953,"(3.9655135928535836, 1.0045929363127961)","(9.163534188997167, 0.47991324254153706)",True
2026-02-14T11:21:13.757678,beam,maze,520,44.371282793213446,0.08826875686645508,"(4.369865394246279, 1.1461773417587107)","(8.219848486657378, 2.0022562278040534)",True
2026-02-14T11:21:13.875062,beam,maze,520,54.73053975199848,0.11226606369018555,"(4.322733014949486, 4.78178611274909)","(2.0293476803929518, 1.0215452909798115)",True
2026-02-14T11:21:13.948261,beam,maze,520,23.605315457149125,0.06780385971069336,"(7.351139242939103, 8.660293457098074)","(3.4540346887236177, 3.975448144658784)",True
2026-02-14T11:21:13.996232,beam,maze,520,11.79118286593588,0.042969703674316406,"(5.981500893708057, 7.4832573225241195)","(8.708291900993698, 2.757199657931924)",True
2026-02-14T11:21:14.073499,beam,maze,520,26.332878548448377,0.07236909866333008,"(1.0653934533485803, 1.3315363200303003)","(4.493865750182524, 9.05590303271574)",True
2026-02-14T11:21:14.162192,beam,maze,520,44.55084302476356,0.08363533020019531,"(8.339249159438443, 2.2287759234013786)","(4.235960073485285, 0.5920829934285297)",True
2026-02-14T11:21:14.186575,beam,maze,520,6.048430618399158,0.019457340240478516,"(0.7433683481572326, 9.156972633751746)","(1.5815472267609787, 6.652840802500141)",True
2026-02-14T11:21:14.269683,beam,maze,520,34.295498197071026,0.07760190963745117,"(8.995340436560495, 3.0813340644327134)","(1.385578903839503, 2.6881572122081536)",True
2026-02-14T11:21:14.308403,beam,maze,520,6.202661011854095,0.03355574607849121,"(0.6913164241603303, 9.39179376805697)","(4.229101408213195, 7.926519306423315)",True
2026-02-14T11:21:14.413908,beam,maze,520,48.564378376349694,0.1005094051361084,"(4.746126637587227, 3.8433895539551903)","(6.572277192371796, 1.9567562063376527)",True
2026-02-14T11:21:14.512513,beam,maze,520,38.262636684193886,0.09337186813354492,"(1.3131045170604179, 4.3987536493886115)","(8.784349382666255, 3.7218110411018626)",True
2026-02-14T11:21:14.619311,beam,maze,520,44.14502557680935,0.10142016410827637,"(7.058578326340917, 0.27670406334439)","(9.195581360383118, 0.748741022903373)",True
2026-02-14T11:21:14.676845,beam,maze,520,18.141974457264553,0.05208277702331543,"(7.070911735528482, 5.019586636467973)","(1.822180998128621, 2.597494486543619)",True
2026-02-14T11:21:14.769715,beam,maze,520,39.387143766643135,0.08774495124816895,"(9.124932507839134, 8.909068101089563)","(2.2513433710024064, 0.8541322245476854)",True
2026-02-14T11:21:14.827616,beam,maze,520,13.567581417025874,0.05276966094970703,"(2.2225684873795766, 3.5230322602307416)","(4.014929695247449, 1.3226560435610144)",True
2026-02-14T11:21:14.941283,beam,maze,520,47.18526303532207,0.10861515998840332,"(7.794538509840913, 0.5852859419129203)","(3.672005204333008, 1.2213066762351223)",True
2026-02-14T11:21:15.016840,beam,maze,520,25.535821178407353,0.06303238868713379,"(8.379095997290959, 5.00731478120294)","(3.5379393249761786, 6.2626937306237265)",True
2026-02-14T11:21:15.068505,beam,maze,520,9.734124559407299,0.04630684852600098,"(0.9118422727723292, 2.9476438171616306)","(4.153659836607777, 1.170785777938066)",True
2026-02-14T11:21:15.106758,beam,maze,520,6.734413344552079,0.03311491012573242,"(7.133841562359541, 6.33650529079456)","(3.9843773635850037, 7.554688059052621)",True
2026-02-14T11:21:15.170180,beam,maze,520,19.4004694081126,0.058449506759643555,"(7.007531049169021, 5.472469157338688)","(2.629606572182903, 2.038791418895713)",True
2026-02-14T11:21:15.198927,beam,maze,520,3.2994727605351355,0.02367424964904785,"(2.4982000881810786, 9.041727272224339)","(3.467584736871437, 6.257705261259859)",True
2026-02-14T11:21:15.241282,beam,maze,520,3.1377229141385765,0.03740954399108887,"(0.2792086791962606, 7.391606086228748)","(1.899913013919139, 5.574003210006908)",True
2026-02-14T11:21:15.329216,beam,maze,520,35.49971301448177,0.08316707611083984,"(2.8939983554061532, 5.283945500847871)","(7.753170027432402, 1.5849674740023874)",True
2026-02-14T11:21:15.396790,beam,maze,520,18.662200074615164,0.062392234802246094,"(4.369244886611774, 6.097185888610133)","(5.171240133920216, 9.35498115980757)",True
2026-02-14T11:21:15.436558,beam,maze,520,6.697653757654812,0.03451800346374512,"(7.5911436417057, 2.3166198777116636)","(8.575305085602373, 4.746253235903141)",True
2026-02-14T11:21:15.513559,beam,maze,520,21.266926892368645,0.07193899154663086,"(0.593962256849627, 2.630026044755891)","(6.887570760287267, 8.615799630822783)",True
2026-02-14T11:21:15.582772,beam,maze,520,26.67242987751313,0.06414437294006348,"(9.583439027978947, 0.662356624560356)","(3.85870885767958, 8.93629744264508)",True
2026-02-14T11:21:15.686526,beam,maze,520,44.28601796938986,0.09871149063110352,"(5.441511376414879, 5.15657277292611)","(0.9102839879463989, 1.255410480208473)",True
2026-02-14T11:21:15.726839,beam,maze,520,3.607693506204175,0.03518176078796387,"(4.091578173015642, 5.517216138367291)","(1.2803425733946725, 3.4947945366083695)",True
2026-02-14T11:21:15.765669,beam,maze,520,5.80671560705604,0.033463239669799805,"(9.141814432092524, 8.971471774929888)","(6.4586869785648116, 6.984141894881185)",True
2026-02-14T11:21:15.822337,beam,maze,520,18.36994675663782,0.0516812801361084,"(6.044329777107459, 4.384774190994321)","(3.409576121140175, 2.20787477653235)",True
2026-02-14T11:21:15.892273,beam,maze,520,18.954219686299425,0.06433343887329102,"(7.774441082899511, 5.906938176395251)","(8.892303256365166, 0.2803583696379049)",True
2026-02-14T11:21:15.980160,beam,maze,520,37.5384276932579,0.08258581161499023,"(3.9637573130730757, 3.9248763561764224)","(0.39040678125185174, 6.483169380284389)",True
2026-02-14T11:21:17.658861,spars,maze,43,27.29939635508411,0.07565498352050781,"(1.1275347506198339, 5.968852084938918)","(1.3072314490226853, 2.357778275660418)",True
2026-02-14T11:21:17.741517,spars,maze,43,18.789761863314176,0.07814288139343262,"(3.20596274694917, 8.419547411296259)","(6.527684088360653, 5.303389680377357)",True
2026-02-14T11:21:17.809799,spars,maze,43,10.917413522905832,0.06381535530090332,"(0.28433547935873194, 7.190733303546773)","(3.8705101806238575, 7.860061762560933)",True
2026-02-14T11:21:17.933456,spars,maze,43,41.29223281535637,0.11688423156738281,"(2.493327033426817, 0.5574723791812877)","(8.493156680812163, 2.166084159666839)",True
2026-02-14T11:21:17.973861,spars,maze,43,9.029348885180168,0.03563427925109863,"(3.968896590863145, 3.0977454159784457)","(0.7512944599651832, 8.263602003451105)",True
2026-02-14T11:21:18.040472,spars,maze,43,11.112223610711533,0.06220102310180664,"(8.319603647899642, 9.520357896066802)","(3.776693761072354, 9.35398362606492)",True
2026-02-14T11:21:18.106695,spars,maze,43,7.767617173043714,0.06182599067687988,"(4.368431936229245, 6.563301586873716)","(2.9204343067498746, 2.570587261444538)",True
2026-02-14T11:21:18.186179,spars,maze,43,24.35802163676005,0.07505273818969727,"(4.660844396671082, 6.236462040200922)","(8.919500142645536, 5.147505576850025)",True
2026-02-14T11:21:18.286233,spars,maze,43,35.39672812794567,0.09554648399353027,"(9.339794165670067, 4.037139237186315)","(6.16210079964518, 2.700476011159731)",True
2026-02-14T11:21:18.357922,spars,maze,43,15.834251302646422,0.0672304630279541,"(6.567422614083342, 6.9062129572293065)","(5.973686738338649, 5.29233774898023)",True
2026-02-14T11:21:18.416141,spars,maze,43,9.423755230127995,0.053869009017944336,"(2.019602138950358, 1.9517824709024787)","(7.798240875197234, 2.845261222153415)",True
2026-02-14T11:21:18.492337,spars,maze,43,25.327845755830328,0.07181572914123535,"(1.4158881085437216, 3.9587753364086016)","(3.04064136307698, 2.3853005595534302)",True
2026-02-14T11:21:18.546668,spars,maze,43,4.528082609627579,0.0498349666595459,"(7.3281519955700585, 7.057437148971385)","(9.247695796206054, 4.932728402349262)",True
2026-02-14T11:21:18.641887,spars,maze,43,37.329835433224765,0.09063553810119629,"(5.825602030820622, 9.461004100437181)","(4.716772667862103, 2.855942358801358)",True
2026-02-14T11:21:18.702904,spars,maze,43,14.153622052818541,0.05632495880126953,"(0.6244615695096826, 5.582319109641978)","(8.527778474938977, 8.659294356744116)",True
2026-02-14T11:21:18.769741,spars,maze,43,15.360416221111592,0.06240272521972656,"(9.352330935321175, 7.2506654340740475)","(1.8101869839810703, 4.2598475466506915)",True
2026-02-14T11:21:18.857719,spars,maze,43,27.215972241396155,0.08344054222106934,"(8.68181505636916, 2.4994535472810058)","(4.344464408344044, 6.045982363044772)",True
2026-02-14T11:21:18.960590,spars,maze,43,37.73783492476925,0.09839177131652832,"(0.4381031438703198, 3.0539491992296774)","(7.3699889263870455, 7.011891047975035)",True
2026-02-14T11:21:19.026211,spars,maze,43,8.28518975779659,0.06111788749694824,"(9.227231588831508, 7.613574593745941)","(2.109239446874425, 8.868717570205856)",True
2026-02-14T11:21:19.053266,spars,maze,43,4.747274584424891,0.02262282371520996,"(5.412188640711755, 8.279999298253191)","(9.040396940975798, 8.12382053360359)",True
2026-02-14T11:21:19.156963,spars,maze,43,42.0882597664388,0.09934735298156738,"(4.74992759811554, 1.2569513474455178)","(6.314830866815374, 2.0061209184724214)",True
2026-02-14T11:21:19.219507,spars,maze,43,12.307001670858824,0.058023691177368164,"(9.498703937544349, 6.869561756446383)","(0.591562734645226, 7.116874402855597)",True
2026-02-14T11:21:19.277044,spars,maze,43,9.59090677532537,0.05308699607849121,"(5.724580140993151, 7.140319692043805)","(2.8635359339048807, 5.1234166400069885)",True
2026-02-14T11:21:19.348264,spars,maze,43,29.51121322795687,0.06681370735168457,"(3.7098423266253846, 0.7600664938507152)","(4.771680527074446, 4.588300279485267)",True
2026-02-14T11:21:19.484152,spars,maze,43,43.581612834959955,0.13143229484558105,"(2.1020786393997617, 0.9276375633014752)","(8.102493707779649, 0.254430238473061)",True
2026-02-14T11:21:19.516063,spars,maze,43,6.112323722171454,0.027402162551879883,"(4.699149210118545, 1.5595474662290174)","(9.332373917228283, 1.627487700736069)",True
2026-02-14T11:21:19.568371,spars,maze,43,7.574235712163238,0.04796195030212402,"(3.6189960090219246, 9.158687841928693)","(0.8000831350064473, 4.448828723216045)",True
2026-02-14T11:21:19.668443,spars,maze,43,37.59990253640616,0.0956883430480957,"(8.695447798272934, 3.130169590799247)","(4.762952135786739, 3.148657566653329)",True
2026-02-14T11:21:19.771268,spars,maze,43,32.11599332576614,0.0983891487121582,"(4.363088381295991, 0.4385078153299084)","(4.381199010274651, 6.959713038011151)",True
2026-02-14T11:21:19.840203,spars,maze,43,10.070371345951106,0.06451177597045898,"(9.524804826497586, 6.487318160681191)","(2.073493862781422, 7.791741222995722)",True
2026-02-14T11:21:19.900977,spars,maze,43,9.834018089402687,0.05639529228210449,"(3.4329986258329543, 4.923877480902933)","(6.894683632089602, 1.6819512239957972)",True
2026-02-14T11:21:19.997408,spars,maze,43,34.53724225175792,0.09204244613647461,"(5.890382523095441, 1.5683391852427717)","(9.496857208969782, 3.2098427814478225)",True
2026-02-14T11:21:20.076342,spars,maze,43,12.684011808613445,0.06717109680175781,"(0.8660634321947176, 9.442193413039892)","(4.59244226965033, 5.477737499785912)",True
2026-02-14T11:21:20.124847,spars,maze,43,5.310366018825344,0.04409980773925781,"(6.787248695357166, 3.4764015476068013)","(4.69799465889959, 6.457985623068262)",True
2026-02-14T11:21:20.241249,spars,maze,43,33.975254222866525,0.11200594902038574,"(5.65613242040526, 6.681660936868893)","(2.1259137179743357, 0.2182435337343094)",True
2026-02-14T11:21:20.316022,spars,maze,43,16.34656603634969,0.07029318809509277,"(0.3819469043646425, 4.4757951383451555)","(8.600578956095767, 5.2837404216583765)",True
2026-02-14T11:21:20.374730,spars,maze,43,14.061323416039246,0.053894758224487305,"(5.149834175036776, 5.33341750194707)","(5.06090598223795, 8.686253123331836)",True
2026-02-14T11:21:20.476173,spars,maze,43,26.640153747436077,0.09703302383422852,"(1.944483451610152, 7.59798193530191)","(2.5888849863639707, 0.43132989690654433)",True
2026-02-14T11:21:20.547082,spars,maze,43,15.013677940066524,0.06641364097595215,"(8.788844494689089, 5.4629956314792345)","(0.2313014932068365, 5.612012899970401)",True
2026-02-14T11:21:20.596039,spars,maze,43,5.157394668896593,0.044432640075683594,"(6.889505646601762, 7.004604585260997)","(2.7115912033460474, 9.255311515895396)",True
2026-02-14T11:21:20.650888,spars,maze,43,14.114842106259294,0.05041170120239258,"(4.280290981309056, 6.11094071974291)","(3.1780210804280546, 0.31934401249580324)",True
2026-02-14T11:21:20.718669,spars,maze,43,8.595807686731174,0.06336808204650879,"(5.263040060802899, 9.523735016557396)","(2.658392409055955, 3.8511385310198887)",True
2026-02-14T11:21:20.833721,spars,maze,43,34.288562118134465,0.11058807373046875,"(0.6882422296658439, 4.349717012881733)","(1.9483617260794257, 0.6134380637705624)",True
2026-02-14T11:21:20.916946,spars,maze,43,31.341318728208055,0.07867288589477539,"(2.309405742971165, 4.195900382177746)","(6.370970811033123, 2.7679202739762454)",True
2026-02-14T11:21:21.002844,spars,maze,43,33.37992669797295,0.08135056495666504,"(4.297332352564089, 9.260045427353395)","(1.047524901534333, 3.9261276770723614)",True
2026-02-14T11:21:21.079680,spars,maze,43,23.383403270361168,0.07232117652893066,"(7.789313355952134, 1.0074413788668937)","(5.425176846224894, 3.4388141342443803)",True
2026-02-14T11:21:21.161898,spars,maze,43,20.09348217447702,0.07774543762207031,"(0.7507684686371272, 8.768295973341855)","(6.911159445274629, 4.129848578167289)",True
2026-02-14T11:21:21.264568,spars,maze,43,37.75187894340259,0.09810924530029297,"(7.4803337326339845, 7.816070338030162)","(3.0181961462080342, 0.42555181328928116)",True
2026-02-14T11:21:21.338431,spars,maze,43,18.500365084381833,0.06911563873291016,"(7.079379185212067, 6.3822128045853255)","(0.6418188848999755, 0.5098532690791819)",True
2026-02-14T11:21:21.443793,spars,maze,43,37.29338951972353,0.10093164443969727,"(4.800669314659271, 7.898242185014092)","(0.9152174620805612, 3.429266139292792)",True
2026-02-14T11:21:21.505118,spars,maze,43,6.947075356944307,0.05681276321411133,"(9.240522632354503, 6.4264848623334085)","(4.247780939778381, 9.421968253117392)",True
2026-02-14T11:21:21.565601,spars,maze,43,13.319819857947168,0.05610990524291992,"(1.4070743652144138, 6.424030200043316)","(7.016902778456819, 7.543459341730777)",True
2026-02-14T11:21:21.622350,spars,maze,43,9.146134397815915,0.052396535873413086,"(5.989343547294706, 1.8556937769649051)","(0.5289074252693117, 2.563214984798304)",True
2026-02-14T11:21:21.752860,spars,maze,43,43.142525260447606,0.12628889083862305,"(8.698652958056975, 0.4043645741990308)","(2.824189678075322, 0.9208017393021949)",True
2026-02-14T11:21:21.854999,spars,maze,43,32.324524831533125,0.09765768051147461,"(4.849578736960643, 2.899026825873872)","(8.63928697601086, 7.070451466062775)",True
2026-02-14T11:21:21.949995,spars,maze,43,27.259620861182153,0.09056711196899414,"(1.9357182568183373, 6.072199342893447)","(1.3239170965172222, 2.918747729422605)",True
2026-02-14T11:21:22.068368,spars,maze,43,33.4343191775796,0.11406445503234863,"(9.165238301158984, 0.49443648507072996)","(7.928074497484282, 6.12854076123572)",True
2026-02-14T11:21:22.140310,spars,maze,43,18.3895453216368,0.06754231452941895,"(1.7037309819606434, 6.7968800557197335)","(6.565710554895972, 0.311100524444554)",True
2026-02-14T11:21:22.202864,spars,maze,43,12.931764248409742,0.058295488357543945,"(5.525701967249427, 9.115383648966187)","(5.618344535551353, 4.216172511469111)",True
2026-02-14T11:21:22.255363,spars,maze,43,4.304328727076281,0.04816794395446777,"(1.4682854548886566, 6.242727544793012)","(3.7931078405793697, 2.9473999610057064)",True
2026-02-14T11:21:22.362538,spars,maze,43,33.86557567933209,0.10294508934020996,"(1.137512850772218, 2.9578700331933248)","(5.577280384485243, 8.801927210969824)",True
2026-02-14T11:21:22.462397,spars,maze,43,32.3661030247605,0.09537625312805176,"(7.265397318394357, 6.790905544132251)","(3.672134531277148, 1.7280032430825452)",True
2026-02-14T11:21:22.554603,spars,maze,43,31.13805871150962,0.08783197402954102,"(7.625417528182396, 5.515440153502577)","(8.352206105664576, 1.5735256463372398)",True
2026-02-14T11:21:22.616746,spars,maze,43,11.21233838989743,0.05770564079284668,"(8.310302152600118, 2.85440746642425)","(3.109760020963994, 7.613028605607535)",True
2026-02-14T11:21:22.674990,spars,maze,43,10.616524777279128,0.05398058891296387,"(3.3350532981909953, 7.97585586678113)","(1.1496196766235105, 7.566817865669209)",True
2026-02-14T11:21:22.744584,spars,maze,43,17.920913334592164,0.0651555061340332,"(3.570916280023106, 2.627216977399716)","(5.802783979614694, 3.014185346174437)",True
2026-02-14T11:21:22.804365,spars,maze,43,7.6117067695692,0.05545616149902344,"(6.310290158080307, 7.01722806156542)","(8.750936041453654, 3.133024895854613)",True
2026-02-14T11:21:22.891004,spars,maze,43,17.191290663653206,0.08239054679870605,"(5.567918413508954, 3.620243145179036)","(9.40666910715982, 7.899968573879595)",True
2026-02-14T11:21:22.947373,spars,maze,43,12.070879551932979,0.05197477340698242,"(5.529918000959558, 6.655751507123583)","(1.1753204279302845, 5.094522542457033)",True
2026-02-14T11:21:23.008425,spars,maze,43,14.12528024871742,0.05673360824584961,"(4.3851879704207555, 1.90143997525134)","(3.9733779238165785, 4.907570774621824)",True
2026-02-14T11:21:23.084475,spars,maze,43,12.641430874345186,0.07161784172058105,"(4.814990739490832, 5.455271797261243)","(0.5237656075616798, 9.363115285090652)",True
2026-02-14T11:21:23.217786,spars,maze,43,42.89766207740877,0.1289989948272705,"(1.1341626014333208, 0.3546206042793935)","(9.412639528791924, 8.439067157253092)",True
2026-02-14T11:21:23.290807,spars,maze,43,17.230803209923334,0.06844735145568848,"(5.734368742483107, 5.377091578584703)","(7.920154903513143, 6.732243149448304)",True
2026-02-14T11:21:23.373287,spars,maze,43,22.96341124443383,0.07807326316833496,"(1.977830367045853, 8.721364329004384)","(5.086537621548357, 1.912150581520961)",True
2026-02-14T11:21:23.429157,spars,maze,43,8.05041698277239,0.05125260353088379,"(5.8877437442574045, 8.018888417820934)","(2.3595439895807413, 5.470492101297242)",True
2026-02-14T11:21:23.491576,spars,maze,43,9.67843807100044,0.05798459053039551,"(2.9167864548044737, 9.503736943549642)","(5.5899883865714575, 3.8847506261069142)",True
2026-02-14T11:21:23.591964,spars,maze,43,30.276122922656896,0.0959615707397461,"(7.820741376925224, 5.995215964513895)","(8.923491181945186, 9.29543096796504)",True
2026-02-14T11:21:23.696136,spars,maze,43,33.85900860429333,0.09969544410705566,"(7.94721110367524, 0.7792954068831669)","(7.117785263390867, 3.7517444137467137)",True
2026-02-14T11:21:23.754984,spars,maze,43,6.945266665136524,0.054430484771728516,"(7.667760742728835, 4.710532882655945)","(4.969358647761484, 2.899457965594626)",True
2026-02-14T11:21:23.791647,spars,maze,43,2.498496723685993,0.03237104415893555,"(7.229514915186814, 0.5676072363895901)","(8.310130611025231, 2.563711380083967)",True
2026-02-14T11:21:23.857794,spars,maze,43,3.1271497212309396,0.06186842918395996,"(1.8756958487173865, 0.3712901289139073)","(4.355884187897123, 2.2493613919302846)",True
2026-02-14T11:21:23.925543,spars,maze,43,19.10441134829641,0.06354808807373047,"(6.830162614074735, 8.053110237188003)","(5.2517107177646025, 3.5286270439069973)",True
2026-02-14T11:21:23.984711,spars,maze,43,7.9535154415261236,0.054851531982421875,"(5.266762670238912, 1.2867952204042057)","(5.6778696172238785, 6.272039080190874)",True
2026-02-14T11:21:24.046219,spars,maze,43,19.49011953851349,0.05720996856689453,"(7.244406170071503, 2.01029742642921)","(2.378523595252481, 7.3927045316515505)",True
2026-02-14T11:21:24.107383,spars,maze,43,11.5700850049192,0.056781768798828125,"(7.93039508405272, 3.15180394986364)","(1.1988218087599287, 3.77142768177911)",True
2026-02-14T11:21:24.147798,spars,maze,43,8.332024777942197,0.03593254089355469,"(4.623396921091167, 2.105583940598986)","(1.2707054231392267, 1.5794092553422965)",True
2026-02-14T11:21:24.224897,spars,maze,43,30.00567314720738,0.07276511192321777,"(7.675913883468404, 4.304682359965503)","(6.341859448576908, 9.045819042271754)",True
2026-02-14T11:21:24.284826,spars,maze,43,19.267931855211472,0.055535078048706055,"(5.654349779160463, 0.3230720301694608)","(2.3430599927363502, 6.639759117628827)",True
2026-02-14T11:21:24.356201,spars,maze,43,19.780437559903902,0.06694221496582031,"(8.258339363096677, 3.1360635725145984)","(2.7373403388559256, 2.7776423550846574)",True
2026-02-14T11:21:24.467146,spars,maze,43,37.87625804064803,0.10654711723327637,"(7.4969942345381515, 6.939426970942758)","(0.44613049277382516, 3.4932448883109632)",True
2026-02-14T11:21:24.550015,spars,maze,43,19.725636347405008,0.0783543586730957,"(6.883275370860287, 5.4668819536554984)","(9.26154274777745, 6.514628736162689)",True
2026-02-14T11:21:24.595804,spars,maze,43,2.198071518684379,0.04131603240966797,"(9.07734231208066, 2.7146504898740327)","(7.559507102591769, 1.3310496670628864)",True
2026-02-14T11:21:24.658194,spars,maze,43,11.335028194037875,0.05812859535217285,"(6.776399395438329, 6.191298564274303)","(2.7861301618037055, 4.702584530144792)",True
2026-02-14T11:21:24.709134,spars,maze,43,7.43687793181039,0.04657316207885742,"(8.714280877703429, 6.7602006323297585)","(4.57746407595239, 8.443121074959931)",True
2026-02-14T11:21:24.747062,spars,maze,43,7.328698962712165,0.03344845771789551,"(5.268195579840701, 5.8603589023185165)","(6.169302198244215, 1.5735612943045099)",True
2026-02-14T11:21:24.773698,spars,maze,43,3.5133876505781902,0.02230215072631836,"(0.7788011490877612, 5.180467354361858)","(1.394417416135994, 8.538644257497781)",True
2026-02-14T11:21:24.846847,spars,maze,43,16.278360343266137,0.06901025772094727,"(0.5577360912304669, 6.187394828922081)","(6.743863191525875, 9.480425027637933)",True
2026-02-14T11:21:24.911670,spars,maze,43,17.39198358378639,0.06033730506896973,"(3.4345320345812835, 6.361000241153323)","(2.2856497980832806, 2.8829729410208498)",True
2026-02-14T11:21:24.972003,spars,maze,43,8.568436750983475,0.05551576614379883,"(7.885025469052694, 5.268939228274257)","(5.656520502847123, 5.309962170236283)",True
2026-02-14T11:21:25.054553,spars,maze,43,23.778877223113863,0.07813286781311035,"(2.208258926683259, 0.6339656061439322)","(3.0850020516556182, 5.275528812493289)",True
2026-02-14T11:21:28.231953,spars,maze,114,32.983699678065726,0.09097790718078613,"(1.4859932783164378, 8.513703751264865)","(9.073660877872955, 4.786449140976308)",True
2026-02-14T11:21:28.339819,spars,maze,114,38.09396120997329,0.10319113731384277,"(7.50183079758465, 3.5458598056239494)","(1.305406060910075, 5.112601944777652)",True
2026-02-14T11:21:28.416522,spars,maze,114,8.994499442358563,0.07182836532592773,"(7.0664018519458285, 2.055937720326244)","(6.018375025992132, 0.7376884932749462)",True
2026-02-14T11:21:28.490971,spars,maze,114,8.763776834179563,0.06981801986694336,"(4.25231712975185, 2.010180182602783)","(8.183026885332406, 4.318139674743824)",True
2026-02-14T11:21:28.625809,spars,maze,114,38.15731541712824,0.1302812099456787,"(4.5124897862163875, 6.998940275331216)","(9.530188669643552, 7.136160057935361)",True
2026-02-14T11:21:28.691981,spars,maze,114,13.81114614706052,0.06146979331970215,"(0.9128125552059769, 2.1257442088360508)","(3.680535770008191, 8.285094286796356)",True
2026-02-14T11:21:28.795122,spars,maze,114,29.992446504309488,0.09849190711975098,"(2.9167397341447656, 6.324680860950537)","(7.698903973161649, 2.6656152323180224)",True
2026-02-14T11:21:28.841848,spars,maze,114,9.071209895353697,0.04205608367919922,"(7.4497681262665125, 3.2520004022679507)","(8.901923271957449, 9.062793238679728)",True
2026-02-14T11:21:28.935861,spars,maze,114,28.212690327944575,0.08917689323425293,"(4.515301495370998, 5.3533326824232725)","(8.52909875720568, 1.7377989396682347)",True
2026-02-14T11:21:29.037115,spars,maze,114,37.33769944193011,0.09658575057983398,"(4.577579458480216, 1.4464334234653333)","(2.0589822712660095, 0.23957254279135626)",True
2026-02-14T11:21:29.118506,spars,maze,114,21.7392561643723,0.07672238349914551,"(5.663998120259727, 4.639990861291471)","(3.7450679553951716, 3.895933760786623)",True
2026-02-14T11:21:29.183221,spars,maze,114,3.8729578678434198,0.0600895881652832,"(4.437106959226198, 3.9905976825606473)","(4.606770957533568, 0.41559547329984153)",True
2026-02-14T11:21:29.286926,spars,maze,114,38.5073194770206,0.09911012649536133,"(3.0767479600932486, 4.841257289859802)","(6.673707334504517, 2.1319463828040996)",True
2026-02-14T11:21:29.377773,spars,maze,114,29.62864468177334,0.0861210823059082,"(3.840271478810147, 2.806552803656809)","(3.4120013615036546, 0.5276034456933834)",True
2026-02-14T11:21:29.450016,spars,maze,114,11.956129616520856,0.06742429733276367,"(0.8418211984081703, 8.353229782852289)","(6.28864474025742, 7.098910337484224)",True
2026-02-14T11:21:29.506952,spars,maze,114,5.035583382139352,0.05227780342102051,"(3.4238114705338853, 3.7726660013587976)","(4.88464942260182, 8.358535669463661)",True
2026-02-14T11:21:29.556991,spars,maze,114,3.979346401531232,0.04506969451904297,"(6.6531408502497955, 7.533926672577148)","(5.856518814302756, 5.363006876854853)",True
2026-02-14T11:21:29.661215,spars,maze,114,26.110597828960955,0.09969496726989746,"(3.3507239409062293, 8.582988429886184)","(9.456713538371886, 1.29694211431173)",True
2026-02-14T11:21:29.764421,spars,maze,114,23.55632840804838,0.09856438636779785,"(5.003721290568076, 0.5781079033544306)","(3.9631333150716483, 7.84378732029565)",True
2026-02-14T11:21:29.863954,spars,maze,114,41.17118171699652,0.09488368034362793,"(7.547176424284551, 2.8972126228555672)","(0.9486436947490455, 3.1732593913706153)",True
2026-02-14T11:21:29.978245,spars,maze,114,38.68774483391546,0.10961627960205078,"(0.6225289086209002, 5.175461362526333)","(7.566990451880689, 4.63641526439726)",True
2026-02-14T11:21:30.024783,spars,maze,114,6.9407427478018935,0.04177379608154297,"(3.714803378053987, 2.0878627850557567)","(4.354758857240968, 4.695168019647166)",True
2026-02-14T11:21:30.094095,spars,maze,114,15.797895520355004,0.06481719017028809,"(4.3772874180563655, 8.226955499768277)","(1.506694864559319, 0.3299889442324804)",True
2026-02-14T11:21:30.174183,spars,maze,114,20.2277748795245,0.07555961608886719,"(3.9413207354952298, 4.366505862146092)","(5.364630324883746, 5.990282057875409)",True
2026-02-14T11:21:30.247455,spars,maze,114,15.806205994611126,0.06860852241516113,"(2.230370668761185, 8.466344476432923)","(5.026915722131758, 3.464022616416807)",True
2026-02-14T11:21:30.364454,spars,maze,114,38.8816780358093,0.11226844787597656,"(6.917232357508164, 1.8945257066658945)","(2.4449843326948484, 5.195105466492551)",True
2026-02-14T11:21:30.472096,spars,maze,114,34.703753245630026,0.10291862487792969,"(7.409378573022063, 5.501446047124957)","(3.611907303969674, 6.948732486661747)",True
2026-02-14T11:21:30.549294,spars,maze,114,15.258756289174855,0.07246279716491699,"(5.863026259249277, 8.078272377002655)","(3.1663919722771374, 8.708483190124657)",True
2026-02-14T11:21:30.628289,spars,maze,114,16.381104424018467,0.07433843612670898,"(2.1159178611464937, 2.523381576939215)","(7.097789355694959, 5.3555900014034)",True
2026-02-14T11:21:30.706329,spars,maze,114,15.683893597523351,0.07332706451416016,"(7.384896955330756, 7.032435848172065)","(4.58572171422723, 6.372190674128288)",True
2026-02-14T11:21:30.772079,spars,maze,114,13.19267666731383,0.06102800369262695,"(6.898295145930835, 4.661700204858581)","(5.253406791481215, 2.1683246448327025)",True
2026-02-14T11:21:30.832993,spars,maze,114,3.7779139237797406,0.05620455741882324,"(3.148244341044179, 9.41175613685529)","(1.7391057893980948, 8.412883082931833)",True
2026-02-14T11:21:30.908028,spars,maze,114,10.820139813078312,0.07030582427978516,"(2.593499551458382, 2.1028474709094835)","(6.251410834627735, 8.302566986305761)",True
2026-02-14T11:21:31.028833,spars,maze,114,40.63699746503508,0.11617016792297363,"(1.9007277949463517, 3.338725917726815)","(1.4939886251143615, 0.38796033489714515)",True
2026-02-14T11:21:31.092882,spars,maze,114,2.003757976435673,0.05912923812866211,"(3.840387538002164, 5.2566399655767455)","(4.6226025404524655, 7.028845115697824)",True
2026-02-14T11:21:31.178970,spars,maze,114,12.716407339747287,0.08092570304870605,"(5.875401591808359, 5.244560004395685)","(0.5305861839694446, 8.386221417240959)",True
2026-02-14T11:21:31.286160,spars,maze,114,32.464707340942205,0.10237765312194824,"(7.908791171954975, 4.030689402556177)","(3.4733501543448737, 4.841635022029052)",True
2026-02-14T11:21:31.351554,spars,maze,114,14.653493446777448,0.06059622764587402,"(0.7117504593297387, 1.6602099608042593)","(3.414151033514221, 8.553668535781023)",True
2026-02-14T11:21:31.440491,spars,maze,114,26.32486732110829,0.08419108390808105,"(5.03368281361129, 2.0943880391244303)","(2.8230224932786188, 3.7959374327480724)",True
2026-02-14T11:21:31.536530,spars,maze,114,26.622264922666968,0.09123969078063965,"(7.113856715291808, 1.0116819787436053)","(3.4378780934074076, 5.32016076385401)",True
2026-02-14T11:21:31.664618,spars,maze,114,37.75288325772132,0.12323737144470215,"(9.059803860084855, 6.949518859672177)","(1.3133790586555905, 6.264054029553696)",True
2026-02-14T11:21:31.727589,spars,maze,114,8.988365293910595,0.0579524040222168,"(3.5889425291127206, 1.3729953075475958)","(8.159383079880401, 4.435440858170466)",True
2026-02-14T11:21:31.822860,spars,maze,114,17.474524823293503,0.08970785140991211,"(6.683248603504874, 9.489324508501822)","(9.329869686737078, 1.1623382517429586)",True
2026-02-14T11:21:31.912188,spars,maze,114,24.063726663332094,0.08455610275268555,"(7.952247303075685, 3.8427366774371965)","(0.9421088823555878, 9.237424672989302)",True
2026-02-14T11:21:31.984837,spars,maze,114,17.43070008825029,0.06770110130310059,"(6.918394726155918, 5.3010723832297595)","(2.2293089262178616, 3.709324565405967)",True
2026-02-14T11:21:32.054219,spars,maze,114,5.995599939241831,0.0645754337310791,"(5.324322504642411, 5.956134159872943)","(6.370903335537218, 9.406024320273909)",True
2026-02-14T11:21:32.136435,spars,maze,114,16.05416019789961,0.07762527465820312,"(2.0993610701778818, 6.136450178213708)","(6.250465158579778, 6.0224054805690335)",True
2026-02-14T11:21:32.228227,spars,maze,114,32.92033638506614,0.08713483810424805,"(0.24861157058262054, 4.390423703074386)","(6.066655394590191, 1.5292665670921124)",True
2026-02-14T11:21:32.301542,spars,maze,114,12.3969325331958,0.06863713264465332,"(1.2752454645062339, 9.357133288069404)","(5.887911920280213, 4.308957445157465)",True
2026-02-14T11:21:32.414746,spars,maze,114,37.42720683592393,0.10849261283874512,"(3.500366688101665, 4.631375779380198)","(6.192100424674188, 2.1920890487228712)",True
2026-02-14T11:21:32.540409,spars,maze,114,44.02835860793218,0.12094259262084961,"(8.164224808581285, 5.277065187682678)","(0.49388812522253683, 4.865093624586212)",True
2026-02-14T11:21:32.629618,spars,maze,114,23.712785284339525,0.08452749252319336,"(3.4591175932865923, 6.966879370347456)","(1.6608712931424603, 0.5236904156117231)",True
2026-02-14T11:21:32.724252,spars,maze,114,23.649455018892247,0.0899510383605957,"(6.748474699995965, 9.346072941933713)","(7.9594781892894115, 5.426254469164847)",True
2026-02-14T11:21:32.786624,spars,maze,114,14.85161128811514,0.05781912803649902,"(6.92981290632732, 1.1042747934807056)","(7.649345119569481, 7.461096528123781)",True
2026-02-14T11:21:32.838449,spars,maze,114,12.366314432031182,0.04718470573425293,"(7.490106452768494, 8.270613260770284)","(3.536413393166505, 2.1613673128088156)",True
2026-02-14T11:21:32.897952,spars,maze,114,14.078940898554368,0.05470728874206543,"(4.9358793469117455, 9.36563643219506)","(3.9534101816906437, 1.564428824486699)",True
2026-02-14T11:21:32.978730,spars,maze,114,13.800125308764384,0.07607078552246094,"(8.134421661971524, 5.398166303205352)","(4.637380560487897, 0.8113637922776668)",True
2026-02-14T11:21:33.026804,spars,maze,114,3.3003926357545623,0.04312944412231445,"(2.815475844839773, 5.359461267852292)","(0.5378931115710631, 4.002696099001645)",True
2026-02-14T11:21:33.099264,spars,maze,114,28.153361798028758,0.06780028343200684,"(0.7041248821905963, 4.120993263081806)","(5.22818320626177, 4.744548753052273)",True
2026-02-14T11:21:33.159308,spars,maze,114,5.551395253013162,0.05530548095703125,"(6.083780525281172, 2.071443607011373)","(8.113226384299724, 4.661267248607353)",True
2026-02-14T11:21:33.234355,spars,maze,114,22.334292874989895,0.07035470008850098,"(2.560902451293266, 9.173579653103163)","(7.8122083738811545, 4.484874262638204)",True
2026-02-14T11:21:33.353142,spars,maze,114,41.95321352778125,0.11405634880065918,"(8.391555888065561, 8.275509569946475)","(0.32370017572682425, 6.302646494979527)",True
2026-02-14T11:21:33.420059,spars,maze,114,21.046357406513053,0.062087297439575195,"(9.03326238252139, 5.173086770866738)","(1.2636026667502582, 3.785139110709016)",True
2026-02-14T11:21:33.496963,spars,maze,114,14.869146754435976,0.07215189933776855,"(6.964310487948743, 5.224383655800596)","(4.731558560519867, 3.176246151499156)",True
2026-02-14T11:21:33.579428,spars,maze,114,22.620857451968995,0.07767677307128906,"(4.499892165693971, 8.463179783627558)","(7.159766288336002, 1.1323536475939033)",True
2026-02-14T11:21:33.643598,spars,maze,114,12.187391022204192,0.059323787689208984,"(5.162823325857239, 8.023123925898858)","(1.378067792346528, 2.2408072572865168)",True
2026-02-14T11:21:33.721990,spars,maze,114,9.042702602222723,0.07355856895446777,"(6.426566330683935, 6.208739631850989)","(7.83682001881543, 0.32597532439735666)",True
2026-02-14T11:21:33.805954,spars,maze,114,9.865284355977549,0.07916402816772461,"(7.473362300377573, 5.9722005131513525)","(2.713730085352548, 1.3128654673288083)",True
2026-02-14T11:21:33.898768,spars,maze,114,17.390242317085523,0.08810281753540039,"(7.69899888657902, 8.950862372731205)","(2.904142491756361, 2.9848443552204795)",True
2026-02-14T11:21:33.976245,spars,maze,114,16.927853884700415,0.0728449821472168,"(8.7971786614692, 5.820055818969086)","(3.7234199245256705, 0.5556712173926517)",True
2026-02-14T11:21:34.076167,spars,maze,114,42.995754575868894,0.09524250030517578,"(9.087853307540147, 5.028627305618755)","(3.055347364573908, 4.4424981657038245)",True
2026-02-14T11:21:34.140376,spars,maze,114,14.092784394872863,0.059504032135009766,"(7.179918745326793, 7.688138475734931)","(5.066584458559554, 6.745223519881575)",True
2026-02-14T11:21:34.233228,spars,maze,114,34.418398642754525,0.0883026123046875,"(8.852123419672552, 3.959065691088451)","(3.1698942502258536, 4.38959853761511)",True
2026-02-14T11:21:34.345737,spars,maze,114,34.35328514092501,0.10781025886535645,"(5.424690951402931, 3.2210826419973895)","(0.5899523010290186, 0.36743359962462)",True
2026-02-14T11:21:34.393949,spars,maze,114,5.091631490608787,0.043372392654418945,"(8.218940975904005, 3.7728353251147597)","(6.820705508638475, 0.8664561856217919)",True
2026-02-14T11:21:34.490748,spars,maze,114,14.511087861763068,0.09212851524353027,"(6.4165897647471795, 3.4245279927216417)","(1.9782705590659, 1.9243388698416866)",True
2026-02-14T11:21:34.593536,spars,maze,114,30.984360458812727,0.09805417060852051,"(5.002517166277356, 8.282820131503135)","(6.759275531702245, 2.354333913400715)",True
2026-02-14T11:21:34.676207,spars,maze,114,11.29450464218779,0.0778658390045166,"(3.428026752385565, 2.635401698865948)","(1.5071336765913388, 9.329420739414202)",True
2026-02-14T11:21:34.735035,spars,maze,114,3.8865939464804398,0.05415201187133789,"(4.417314924618203, 8.776607627090195)","(4.734896673739332, 5.204188864925708)",True
2026-02-14T11:21:34.804527,spars,maze,114,21.319272997315096,0.06484174728393555,"(3.682668657251506, 6.682556661755526)","(5.573973792222415, 2.3209057994305677)",True
2026-02-14T11:21:34.886392,spars,maze,114,27.219432874252245,0.07715511322021484,"(3.167922286158446, 5.009585088414991)","(4.266670697107208, 3.4407289614296857)",True
2026-02-14T11:21:34.967991,spars,maze,114,13.717011963402175,0.0765848159790039,"(2.5409928541482687, 7.0520540317625695)","(7.385708273219114, 5.976724272818763)",True
2026-02-14T11:21:35.063931,spars,maze,114,20.02136651463973,0.09125018119812012,"(4.584558038889646, 2.7677723380343444)","(1.8867214391780809, 6.350986800922619)",True
2026-02-14T11:21:35.159806,spars,maze,114,27.745848023700617,0.09088253974914551,"(7.167014133498391, 0.9534240499196102)","(3.6014378747267344, 3.876146807754531)",True
2026-02-14T11:21:35.241476,spars,maze,114,22.52270870779145,0.07674479484558105,"(0.5694896529648446, 4.129988290810888)","(6.980937996901499, 8.38331841235579)",True
2026-02-14T11:21:35.293973,spars,maze,114,10.186224494662456,0.04782581329345703,"(6.813160676528687, 7.963040741621068)","(2.626379072564823, 8.217234623754047)",True
2026-02-14T11:21:35.363679,spars,maze,114,22.865498830353943,0.06500530242919922,"(8.53024564395015, 2.8825172785644204)","(1.172474872238448, 8.241515586979197)",True
2026-02-14T11:21:35.470234,spars,maze,114,31.425074998511782,0.10164475440979004,"(9.292896587873788, 8.39532950983326)","(2.535089838272583, 9.364415441925594)",True
2026-02-14T11:21:35.520701,spars,maze,114,2.5845372037205436,0.04572892189025879,"(8.072900258877862, 4.675061416341831)","(9.180067719428138, 2.411642215939877)",True
2026-02-14T11:21:35.607437,spars,maze,114,31.66578979027039,0.0822446346282959,"(2.31962386873125, 0.48900565337032786)","(5.1251108252638, 5.301125490568968)",True
2026-02-14T11:21:35.669019,spars,maze,114,5.546976213882162,0.056849002838134766,"(3.323390375577735, 1.290129424948478)","(5.271930919951742, 4.348718897420417)",True
2026-02-14T11:21:35.748807,spars,maze,114,15.395701568110669,0.07519006729125977,"(3.571012960389468, 5.360497523391586)","(7.73436997647501, 8.619036214636692)",True
2026-02-14T11:21:35.818999,spars,maze,114,10.303064021201848,0.06563687324523926,"(6.0276041941559235, 6.370665787445428)","(1.2666173799867835, 9.297712878603383)",True
2026-02-14T11:21:35.881183,spars,maze,114,3.4411279019002587,0.05766487121582031,"(5.825450920632567, 0.5073784970658423)","(4.388329098319601, 3.6070583593087737)",True
2026-02-14T11:21:35.955034,spars,maze,114,6.265479460336599,0.06936216354370117,"(5.247358298316474, 6.840322855504192)","(0.5319571959205517, 9.287840162000698)",True
2026-02-14T11:21:36.045561,spars,maze,114,17.533311841863856,0.0859982967376709,"(2.98374898035926, 1.630854949381068)","(9.03440022198021, 6.937579383458248)",True
2026-02-14T11:21:36.116046,spars,maze,114,6.025362452863486,0.06580662727355957,"(4.406594465449726, 4.4443717175496955)","(2.821822951560117, 1.1535341967448882)",True
2026-02-14T11:21:36.222016,spars,maze,114,35.84869609976954,0.10131716728210449,"(3.6531948381660873, 2.2306358011750484)","(0.43664200307173406, 2.9112915696398254)",True
2026-02-14T11:21:36.305869,spars,maze,114,25.54853712440456,0.07913756370544434,"(6.661591064636405, 4.405628017491902)","(3.6061962147492417, 9.32890721433226)",True
2026-02-14T11:21:36.387912,spars,maze,114,22.433005601589667,0.0772242546081543,"(5.498291823037978, 2.329960343064442)","(0.7176983776549922, 5.8777287070351605)",True
2026-02-14T11:21:37.291735,spars,maze,520,44.45438784662772,0.12237048149108887,"(4.330806305246296, 2.0350755429133853)","(6.42216294773749, 3.0605704047095226)",True
2026-02-14T11:21:37.339519,spars,maze,520,2.296641836650036,0.04318690299987793,"(0.5842035907594892, 3.663753950240991)","(2.0074647250074737, 2.0413791448079404)",True
2026-02-14T11:21:37.402613,spars,maze,520,11.644472624700876,0.05874061584472656,"(4.416523798619325, 0.5379526980129273)","(0.27830729143359073, 4.555696411382036)",True
2026-02-14T11:21:37.452998,spars,maze,520,12.071261731152992,0.04596829414367676,"(5.747720030961169, 5.835135466399904)","(2.113023863962896, 4.293509430862421)",True
2026-02-14T11:21:37.513113,spars,maze,520,4.894500345798342,0.0555882453918457,"(9.400482085083553, 3.956297096263979)","(7.905188767866028, 1.6904393595361262)",True
2026-02-14T11:21:37.631687,spars,maze,520,39.11047086310933,0.113861083984375,"(2.5857485070148685, 3.833079363733862)","(4.910812425685738, 4.3941839536954195)",True
2026-02-14T11:21:37.693453,spars,maze,520,17.341228460743388,0.05731081962585449,"(5.059739203582056, 0.709146266709617)","(2.839246391141206, 7.354260141921323)",True
2026-02-14T11:21:37.816285,spars,maze,520,46.043032038349565,0.11826014518737793,"(6.917097314377096, 1.8703731571587825)","(7.2508327832646415, 3.459094979741736)",True
2026-02-14T11:21:37.921065,spars,maze,520,40.99207359721391,0.10030245780944824,"(6.911846537167211, 3.1747157348963424)","(0.2720396297214936, 3.995058537802454)",True
2026-02-14T11:21:37.974516,spars,maze,520,2.459285080245367,0.04904818534851074,"(6.8592401029547005, 8.479115826831375)","(7.830638552635359, 6.516595126573164)",True
2026-02-14T11:21:38.039476,spars,maze,520,15.132957060857175,0.060791015625,"(6.28396429940427, 6.7065721970342445)","(8.318212507469704, 0.44400084567762743)",True
2026-02-14T11:21:38.106253,spars,maze,520,24.451419713874195,0.06244349479675293,"(5.953192791954534, 4.6232805850689545)","(5.329746004655385, 0.6677376894104257)",True
2026-02-14T11:21:38.177023,spars,maze,520,14.451651266308566,0.06644272804260254,"(2.839943521222555, 7.6101144699644285)","(6.471544965456136, 1.8760516939301275)",True
2026-02-14T11:21:38.277768,spars,maze,520,31.234400539798337,0.09642553329467773,"(7.57744266290018, 1.4243777432475784)","(0.5163013289596646, 8.054422192661782)",True
2026-02-14T11:21:38.369055,spars,maze,520,24.531505567029175,0.08687281608581543,"(1.0201749271892098, 6.458388162068883)","(7.6920769858343085, 9.535215200361245)",True
2026-02-14T11:21:38.444983,spars,maze,520,22.980738725144047,0.07158613204956055,"(1.4610573066758235, 2.6985058911930815)","(6.202367355836822, 6.802851872673356)",True
2026-02-14T11:21:38.564321,spars,maze,520,35.24472588864765,0.11493921279907227,"(0.23106932503214597, 2.6859590206714814)","(8.982632840034947, 2.074898762385661)",True
2026-02-14T11:21:38.617440,spars,maze,520,3.263930469435392,0.04876065254211426,"(4.903457883156754, 4.5115054903970515)","(7.946588390023186, 3.9383787593949)",True
2026-02-14T11:21:38.695133,spars,maze,520,21.985589379751385,0.0732564926147461,"(0.6774311850007343, 9.436591432159947)","(8.872632065667982, 9.36341842903665)",True
2026-02-14T11:21:38.819455,spars,maze,520,48.77695143506255,0.1199038028717041,"(9.459384487690697, 1.3197210664832246)","(2.047462592371952, 1.4256862468667624)",True
2026-02-14T11:21:38.902711,spars,maze,520,23.795332648764195,0.07880997657775879,"(6.881632366507928, 5.915392500884723)","(5.405187402625979, 3.9584699960767793)",True
2026-02-14T11:21:38.973614,spars,maze,520,13.817371454635573,0.0665903091430664,"(4.749437451924931, 4.348812451376332)","(8.509764158112155, 8.166872337602712)",True
2026-02-14T11:21:39.094583,spars,maze,520,38.61011008441691,0.10928130149841309,"(6.305912589428921, 3.0840411196196427)","(2.1249054558000453, 3.6767797441985675)",True
2026-02-14T11:21:39.163185,spars,maze,520,12.961546085176225,0.06418275833129883,"(4.85967327229642, 1.0750007802277102)","(3.1497378531496008, 4.450552854391864)",True
2026-02-14T11:21:39.230200,spars,maze,520,20.770246567066962,0.06267333030700684,"(5.509445417737771, 6.010955303751835)","(8.415174864541195, 2.1721901291062533)",True
2026-02-14T11:21:39.318255,spars,maze,520,31.423610841718308,0.08368849754333496,"(9.534374897690148, 7.381010730610241)","(0.6603424355286818, 3.5506467792986367)",True
2026-02-14T11:21:39.408243,spars,maze,520,32.17476153594551,0.08548450469970703,"(0.6505848423502641, 2.939738144114856)","(8.402816653390628, 4.904775779098039)",True
2026-02-14T11:21:39.472622,spars,maze,520,14.740847158435479,0.06006193161010742,"(1.783619204989628, 5.319752837241231)","(6.994156910581904, 6.077207944453248)",True
2026-02-14T11:21:39.546945,spars,maze,520,22.363101491085175,0.07010245323181152,"(5.271843102910663, 6.754908737947242)","(5.597018714776047, 1.3896964861606074)",True
2026-02-14T11:21:39.604431,spars,maze,520,18.207840306563916,0.05295395851135254,"(7.011828637889978, 4.745719878928814)","(8.52963452013106, 3.0707649989857018)",True
2026-02-14T11:21:39.649655,spars,maze,520,2.456220500581544,0.04087233543395996,"(0.6819155339998779, 3.1141025189312983)","(1.9910925639615413, 4.1491540806366025)",True
2026-02-14T11:21:39.719093,spars,maze,520,15.402224888811542,0.06524038314819336,"(7.945833822050489, 7.538003559564076)","(3.563824343640312, 5.31616262854394)",True
2026-02-14T11:21:39.797421,spars,maze,520,32.294564403306545,0.07396531105041504,"(0.7742369578035482, 2.3394525949098433)","(8.827929005478234, 5.09281168947966)",True
2026-02-14T11:21:39.844143,spars,maze,520,9.209418663305598,0.04221630096435547,"(5.550516878878508, 0.6635292383821645)","(0.3640166973438675, 3.5890562790269818)",True
2026-02-14T11:21:39.901109,spars,maze,520,8.118486223388782,0.05266165733337402,"(7.797328985236509, 7.070173904322548)","(3.8429757206513657, 7.856370794482118)",True
2026-02-14T11:21:39.977094,spars,maze,520,21.993041500315265,0.07161545753479004,"(5.543733899249082, 7.8796198358147755)","(6.069295389579552, 1.3238231228798483)",True
2026-02-14T11:21:40.069466,spars,maze,520,25.111659528518153,0.08788037300109863,"(9.289539362087101, 4.175942459988641)","(2.8017496395054997, 7.613278782443218)",True
2026-02-14T11:21:40.148883,spars,maze,520,22.63982887858106,0.07500886917114258,"(8.700546604067839, 7.9421962228358)","(0.6246186358025527, 8.653283382007157)",True
2026-02-14T11:21:40.266282,spars,maze,520,40.4225241526088,0.11296749114990234,"(0.2865096052949616, 5.081279598667302)","(3.2839137794709887, 2.6681472829182273)",True
2026-02-14T11:21:40.330603,spars,maze,520,14.159241164494142,0.05988931655883789,"(5.059117116217239, 8.536748405612975)","(3.599829200399573, 9.38204599032483)",True
2026-02-14T11:21:40.419213,spars,maze,520,26.767081593984557,0.0841062068939209,"(8.733748652960838, 7.843410838727502)","(1.9559139143493331, 4.36633654855421)",True
2026-02-14T11:21:40.468652,spars,maze,520,12.973790820276935,0.04503822326660156,"(9.220798941134445, 3.4454018645215685)","(7.244771191907096, 8.249735745907415)",True
2026-02-14T11:21:40.526649,spars,maze,520,10.821437168558512,0.053689002990722656,"(2.987874227396919, 9.122534888861024)","(0.5219206538553604, 2.156217153905235)",True
2026-02-14T11:21:40.609926,spars,maze,520,31.115087724003388,0.07869577407836914,"(7.514044944835891, 2.2063234342944353)","(1.3168999279550513, 8.337282957847636)",True
2026-02-14T11:21:40.699297,spars,maze,520,37.64482202842679,0.0849001407623291,"(8.379137328020848, 2.2321514551292583)","(1.0395606420217558, 2.135341202467727)",True
2026-02-14T11:21:40.774225,spars,maze,520,18.77689082801,0.07046103477478027,"(2.7884804618389123, 7.241643097159386)","(3.904423593225906, 0.9058018503730556)",True
2026-02-14T11:21:40.876622,spars,maze,520,39.48033036389734,0.09797024726867676,"(7.9842676133900525, 2.2908492168081036)","(1.7796288668962525, 2.9895038001328347)",True
2026-02-14T11:21:40.952980,spars,maze,520,25.751809269726103,0.07204794883728027,"(6.622933126006976, 4.540434799154423)","(6.836196831992706, 2.9529521878009413)",True
2026-02-14T11:21:41.007707,spars,maze,520,10.517632613870706,0.05048346519470215,"(7.8048999162616, 5.862769349976837)","(8.400932197568537, 8.603575895351687)",True
2026-02-14T11:21:41.060714,spars,maze,520,6.289479951316677,0.04857468605041504,"(5.460108011813827, 4.290504660736969)","(9.097730249367661, 1.236098905357496)",True
2026-02-14T11:21:41.125149,spars,maze,520,14.195894891501272,0.06008648872375488,"(8.232507568830613, 8.49112817951715)","(4.865317789589597, 4.503901544634195)",True
2026-02-14T11:21:41.170414,spars,maze,520,5.189000367605672,0.040990591049194336,"(0.6827620914458051, 8.81356396354638)","(3.7150180564033795, 8.102163737505226)",True
2026-02-14T11:21:41.279741,spars,maze,520,40.880668083274365,0.10502076148986816,"(5.530238792582338, 1.1142768527997937)","(8.731361247650288, 4.936835063620135)",True
2026-02-14T11:21:41.318529,spars,maze,520,3.912262812563535,0.0343327522277832,"(1.779546209157762, 9.26729602919373)","(3.165479551131676, 6.615281730954917)",True
2026-02-14T11:21:41.380630,spars,maze,520,18.868893244472105,0.05780601501464844,"(6.626817904325996, 7.461450321902581)","(2.807986221530932, 3.535932933766563)",True
2026-02-14T11:21:41.478236,spars,maze,520,37.38664881426133,0.0932307243347168,"(5.821029942786295, 1.86904773741891)","(8.369293685490364, 5.282597792524877)",True
2026-02-14T11:21:41.540665,spars,maze,520,24.139232888191334,0.05799579620361328,"(5.043622885393791, 0.760960060301258)","(5.977567375760671, 5.5023790371427115)",True
2026-02-14T11:21:41.608784,spars,maze,520,16.68775647881067,0.06349992752075195,"(5.813727802515429, 9.496605638797917)","(6.527145535114958, 3.1139445720598897)",True
2026-02-14T11:21:41.684955,spars,maze,520,13.691674268597243,0.0715639591217041,"(1.3091530411833723, 9.320440011155895)","(6.800280932091447, 7.1966346011563225)",True
2026-02-14T11:21:41.766912,spars,maze,520,25.486808168039037,0.07765960693359375,"(6.05785506429229, 0.9222853399895756)","(7.048059363188359, 5.299284118782364)",True
2026-02-14T11:21:41.816388,spars,maze,520,3.9460597479294712,0.04517650604248047,"(3.214527353954564, 6.86305710791385)","(3.968989930156844, 9.056177917015049)",True
2026-02-14T11:21:41.923798,spars,maze,520,39.67542824894797,0.10313224792480469,"(1.3216482304044075, 1.0709846683833473)","(7.651168957340796, 1.3871266675240055)",True
2026-02-14T11:21:42.028759,spars,maze,520,41.326726142413555,0.09686088562011719,"(3.8341672126700828, 0.8647815913314001)","(9.136417655093377, 7.0673723366230705)",True
2026-02-14T11:21:42.077906,spars,maze,520,3.5519626504653505,0.04467129707336426,"(9.582310706166506, 4.205346568533286)","(8.518221917331685, 1.3419923328984975)",True
2026-02-14T11:21:42.154739,spars,maze,520,21.148708993997893,0.07252120971679688,"(2.8152030472420693, 8.831256024054639)","(2.9885103242605937, 0.5442513500018118)",True
2026-02-14T11:21:42.227933,spars,maze,520,12.923268043186622,0.06885194778442383,"(0.5529926094763816, 2.8060403211331426)","(5.036373720620768, 7.26511960546105)",True
2026-02-14T11:21:42.349558,spars,maze,520,46.726997110858065,0.11725163459777832,"(3.9655135928535836, 1.0045929363127961)","(9.163534188997167, 0.47991324254153706)",True
2026-02-14T11:21:42.451135,spars,maze,520,44.597295311584716,0.09697651863098145,"(4.369865394246279, 1.1461773417587107)","(8.219848486657378, 2.0022562278040534)",True
2026-02-14T11:21:42.580259,spars,maze,520,55.693187760127344,0.12451529502868652,"(4.322733014949486, 4.78178611274909)","(2.0293476803929518, 1.0215452909798115)",True
2026-02-14T11:21:42.664800,spars,maze,520,23.637430852114697,0.07986760139465332,"(7.351139242939103, 8.660293457098074)","(3.4540346887236177, 3.975448144658784)",True
2026-02-14T11:21:42.720547,spars,maze,520,11.7805968526811,0.05147552490234375,"(5.981500893708057, 7.4832573225241195)","(8.708291900993698, 2.757199657931924)",True
2026-02-14T11:21:42.811058,spars,maze,520,26.668506645798498,0.08621883392333984,"(1.0653934533485803, 1.3315363200303003)","(4.493865750182524, 9.05590303271574)",True
2026-02-14T11:21:42.906371,spars,maze,520,45.436353399266316,0.0904538631439209,"(8.339249159438443, 2.2287759234013786)","(4.235960073485285, 0.5920829934285297)",True
2026-02-14T11:21:42.941503,spars,maze,520,6.463199556655605,0.03066730499267578,"(0.7433683481572326, 9.156972633751746)","(1.5815472267609787, 6.652840802500141)",True
2026-02-14T11:21:43.033684,spars,maze,520,34.73839117814391,0.08786654472351074,"(8.995340436560495, 3.0813340644327134)","(1.385578903839503, 2.6881572122081536)",True
2026-02-14T11:21:43.082050,spars,maze,520,6.269050937990808,0.04388141632080078,"(0.6913164241603303, 9.39179376805697)","(4.229101408213195, 7.926519306423315)",True
2026-02-14T11:21:43.198819,spars,maze,520,49.04223137691336,0.11238646507263184,"(4.746126637587227, 3.8433895539551903)","(6.572277192371796, 1.9567562063376527)",True
2026-02-14T11:21:43.313963,spars,maze,520,38.54716276592925,0.11068272590637207,"(1.3131045170604179, 4.3987536493886115)","(8.784349382666255, 3.7218110411018626)",True
2026-02-14T11:21:43.436531,spars,maze,520,44.40823605877013,0.11731433868408203,"(7.058578326340917, 0.27670406334439)","(9.195581360383118, 0.748741022903373)",True
2026-02-14T11:21:43.502871,spars,maze,520,18.4787734286486,0.06180834770202637,"(7.070911735528482, 5.019586636467973)","(1.822180998128621, 2.597494486543619)",True
2026-02-14T11:21:43.608384,spars,maze,520,40.278530184227726,0.10112261772155762,"(9.124932507839134, 8.909068101089563)","(2.2513433710024064, 0.8541322245476854)",True
2026-02-14T11:21:43.677081,spars,maze,520,13.560310581572544,0.06424379348754883,"(2.2225684873795766, 3.5230322602307416)","(4.014929695247449, 1.3226560435610144)",True
2026-02-14T11:21:43.805172,spars,maze,520,48.106759931613865,0.12365937232971191,"(7.794538509840913, 0.5852859419129203)","(3.672005204333008, 1.2213066762351223)",True
2026-02-14T11:21:43.879748,spars,maze,520,25.87976817286012,0.0701143741607666,"(8.379095997290959, 5.00731478120294)","(3.5379393249761786, 6.2626937306237265)",True
2026-02-14T11:21:43.938966,spars,maze,520,10.204303414505137,0.054663658142089844,"(0.9118422727723292, 2.9476438171616306)","(4.153659836607777, 1.170785777938066)",True
2026-02-14T11:21:43.985038,spars,maze,520,6.9314459220076365,0.04164433479309082,"(7.133841562359541, 6.33650529079456)","(3.9843773635850037, 7.554688059052621)",True
2026-02-14T11:21:44.059102,spars,maze,520,19.82058781863731,0.06958723068237305,"(7.007531049169021, 5.472469157338688)","(2.629606572182903, 2.038791418895713)",True
2026-02-14T11:21:44.094579,spars,maze,520,3.382698880942647,0.031001806259155273,"(2.4982000881810786, 9.041727272224339)","(3.467584736871437, 6.257705261259859)",True
2026-02-14T11:21:44.152408,spars,maze,520,3.490585953562306,0.053524017333984375,"(0.2792086791962606, 7.391606086228748)","(1.899913013919139, 5.574003210006908)",True
2026-02-14T11:21:44.250507,spars,maze,520,35.73148693626683,0.09341931343078613,"(2.8939983554061532, 5.283945500847871)","(7.753170027432402, 1.5849674740023874)",True
2026-02-14T11:21:44.332692,spars,maze,520,18.723507649208607,0.07758641242980957,"(4.369244886611774, 6.097185888610133)","(5.171240133920216, 9.35498115980757)",True
2026-02-14T11:21:44.379398,spars,maze,520,6.695470079369764,0.042456626892089844,"(7.5911436417057, 2.3166198777116636)","(8.575305085602373, 4.746253235903141)",True
2026-02-14T11:21:44.469090,spars,maze,520,21.455309401553563,0.0854184627532959,"(0.593962256849627, 2.630026044755891)","(6.887570760287267, 8.615799630822783)",True
2026-02-14T11:21:44.548373,spars,maze,520,26.687888736663822,0.07486295700073242,"(9.583439027978947, 0.662356624560356)","(3.85870885767958, 8.93629744264508)",True
2026-02-14T11:21:44.665659,spars,maze,520,44.838265205436315,0.1128535270690918,"(5.441511376414879, 5.15657277292611)","(0.9102839879463989, 1.255410480208473)",True
2026-02-14T11:21:44.719664,spars,maze,520,3.607693506204175,0.04955244064331055,"(4.091578173015642, 5.517216138367291)","(1.2803425733946725, 3.4947945366083695)",True
2026-02-14T11:21:44.767042,spars,maze,520,5.846575289628173,0.042932748794555664,"(9.141814432092524, 8.971471774929888)","(6.4586869785648116, 6.984141894881185)",True
2026-02-14T11:21:44.831183,spars,maze,520,18.719602167653168,0.06000399589538574,"(6.044329777107459, 4.384774190994321)","(3.409576121140175, 2.20787477653235)",True
2026-02-14T11:21:44.913982,spars,maze,520,18.762581601558175,0.07854557037353516,"(7.774441082899511, 5.906938176395251)","(8.892303256365166, 0.2803583696379049)",True
2026-02-14T11:21:45.009967,spars,maze,520,37.89497947741501,0.09172320365905762,"(3.9637573130730757, 3.9248763561764224)","(0.39040678125185174, 6.483169380284389)",True
